asset_id,cse_id,asset_type,criticality,source_id,commissioned_at,retired_at
CSE-POWER-001-A001,CSE-POWER-001,OT gateway,critical,identity-logs,2026-05-14T00:00:00Z,
CSE-POWER-001-A002,CSE-POWER-001,server,standard,endpoint-events,2026-05-14T00:00:00Z,
CSE-POWER-001-A003,CSE-POWER-001,server,standard,identity-logs,2026-05-14T00:00:00Z,
CSE-POWER-001-A004,CSE-POWER-001,server,high,endpoint-events,2026-05-14T00:00:00Z,
CSE-POWER-001-A005,CSE-POWER-001,OT gateway,standard,identity-logs,2026-05-14T00:00:00Z,
CSE-POWER-001-A006,CSE-POWER-001,server,critical,endpoint-events,2026-05-14T00:00:00Z,
CSE-POWER-001-A007,CSE-POWER-001,server,high,identity-logs,2026-05-14T00:00:00Z,
CSE-POWER-001-A008,CSE-POWER-001,server,standard,endpoint-events,2026-05-14T00:00:00Z,
CSE-POWER-001-A009,CSE-POWER-001,OT gateway,standard,identity-logs,2026-05-14T00:00:00Z,
CSE-POWER-001-A010,CSE-POWER-001,server,high,endpoint-events,2026-05-14T00:00:00Z,
CSE-TELECOM-001-A001,CSE-TELECOM-001,OT gateway,critical,identity-logs,2026-05-14T00:00:00Z,
CSE-TELECOM-001-A002,CSE-TELECOM-001,server,standard,endpoint-events,2026-05-14T00:00:00Z,
CSE-TELECOM-001-A003,CSE-TELECOM-001,server,standard,identity-logs,2026-05-14T00:00:00Z,
CSE-TELECOM-001-A004,CSE-TELECOM-001,server,high,endpoint-events,2026-05-14T00:00:00Z,
CSE-TELECOM-001-A005,CSE-TELECOM-001,OT gateway,standard,identity-logs,2026-05-14T00:00:00Z,
CSE-TELECOM-001-A006,CSE-TELECOM-001,server,critical,endpoint-events,2026-05-14T00:00:00Z,
CSE-TELECOM-001-A007,CSE-TELECOM-001,server,high,identity-logs,2026-05-14T00:00:00Z,
CSE-TELECOM-001-A008,CSE-TELECOM-001,server,standard,endpoint-events,2026-05-14T00:00:00Z,
CSE-TELECOM-001-A009,CSE-TELECOM-001,OT gateway,standard,identity-logs,2026-05-14T00:00:00Z,
CSE-TELECOM-001-A010,CSE-TELECOM-001,server,high,endpoint-events,2026-05-14T00:00:00Z,
CSE-FINANCE-001-A001,CSE-FINANCE-001,OT gateway,critical,identity-logs,2026-05-14T00:00:00Z,
CSE-FINANCE-001-A002,CSE-FINANCE-001,server,standard,endpoint-events,2026-05-14T00:00:00Z,
CSE-FINANCE-001-A003,CSE-FINANCE-001,server,standard,identity-logs,2026-05-14T00:00:00Z,
CSE-FINANCE-001-A004,CSE-FINANCE-001,server,high,endpoint-events,2026-05-14T00:00:00Z,
CSE-FINANCE-001-A005,CSE-FINANCE-001,OT gateway,standard,identity-logs,2026-05-14T00:00:00Z,
CSE-FINANCE-001-A006,CSE-FINANCE-001,server,critical,endpoint-events,2026-05-14T00:00:00Z,
CSE-FINANCE-001-A007,CSE-FINANCE-001,server,high,identity-logs,2026-05-14T00:00:00Z,
CSE-FINANCE-001-A008,CSE-FINANCE-001,server,standard,endpoint-events,2026-05-14T00:00:00Z,
CSE-FINANCE-001-A009,CSE-FINANCE-001,OT gateway,standard,identity-logs,2026-05-14T00:00:00Z,
CSE-FINANCE-001-A010,CSE-FINANCE-001,server,high,endpoint-events,2026-05-14T00:00:00Z,
CSE-POWER-002-A001,CSE-POWER-002,OT gateway,critical,identity-logs,2026-05-14T00:00:00Z,
CSE-POWER-002-A002,CSE-POWER-002,server,standard,endpoint-events,2026-05-14T00:00:00Z,
CSE-POWER-002-A003,CSE-POWER-002,server,standard,identity-logs,2026-05-14T00:00:00Z,
CSE-POWER-002-A004,CSE-POWER-002,server,high,endpoint-events,2026-05-14T00:00:00Z,
CSE-POWER-002-A005,CSE-POWER-002,OT gateway,standard,identity-logs,2026-05-14T00:00:00Z,
CSE-POWER-002-A006,CSE-POWER-002,server,critical,endpoint-events,2026-05-14T00:00:00Z,
CSE-POWER-002-A007,CSE-POWER-002,server,high,identity-logs,2026-05-14T00:00:00Z,
CSE-POWER-002-A008,CSE-POWER-002,server,standard,endpoint-events,2026-05-14T00:00:00Z,
CSE-POWER-002-A009,CSE-POWER-002,OT gateway,standard,identity-logs,2026-05-14T00:00:00Z,
CSE-POWER-002-A010,CSE-POWER-002,server,high,endpoint-events,2026-05-14T00:00:00Z,
CSE-TELECOM-002-A001,CSE-TELECOM-002,OT gateway,critical,identity-logs,2026-05-14T00:00:00Z,
CSE-TELECOM-002-A002,CSE-TELECOM-002,server,standard,endpoint-events,2026-05-14T00:00:00Z,
CSE-TELECOM-002-A003,CSE-TELECOM-002,server,standard,identity-logs,2026-05-14T00:00:00Z,
CSE-TELECOM-002-A004,CSE-TELECOM-002,server,high,endpoint-events,2026-05-14T00:00:00Z,
CSE-TELECOM-002-A005,CSE-TELECOM-002,OT gateway,standard,identity-logs,2026-05-14T00:00:00Z,
CSE-TELECOM-002-A006,CSE-TELECOM-002,server,critical,endpoint-events,2026-05-14T00:00:00Z,
CSE-TELECOM-002-A007,CSE-TELECOM-002,server,high,identity-logs,2026-05-14T00:00:00Z,
CSE-TELECOM-002-A008,CSE-TELECOM-002,server,standard,endpoint-events,2026-05-14T00:00:00Z,
CSE-TELECOM-002-A009,CSE-TELECOM-002,OT gateway,standard,identity-logs,2026-05-14T00:00:00Z,
CSE-TELECOM-002-A010,CSE-TELECOM-002,server,high,endpoint-events,2026-05-14T00:00:00Z,
CSE-FINANCE-002-A001,CSE-FINANCE-002,OT gateway,critical,identity-logs,2026-05-14T00:00:00Z,
CSE-FINANCE-002-A002,CSE-FINANCE-002,server,standard,endpoint-events,2026-05-14T00:00:00Z,
CSE-FINANCE-002-A003,CSE-FINANCE-002,server,standard,identity-logs,2026-05-14T00:00:00Z,
CSE-FINANCE-002-A004,CSE-FINANCE-002,server,high,endpoint-events,2026-05-14T00:00:00Z,
CSE-FINANCE-002-A005,CSE-FINANCE-002,OT gateway,standard,identity-logs,2026-05-14T00:00:00Z,
CSE-FINANCE-002-A006,CSE-FINANCE-002,server,critical,endpoint-events,2026-05-14T00:00:00Z,
CSE-FINANCE-002-A007,CSE-FINANCE-002,server,high,identity-logs,2026-05-14T00:00:00Z,
CSE-FINANCE-002-A008,CSE-FINANCE-002,server,standard,endpoint-events,2026-05-14T00:00:00Z,
CSE-FINANCE-002-A009,CSE-FINANCE-002,OT gateway,standard,identity-logs,2026-05-14T00:00:00Z,
CSE-FINANCE-002-A010,CSE-FINANCE-002,server,high,endpoint-events,2026-05-14T00:00:00Z,
