link_id,cse_id,case_id,alert_id,link_type
CAL-CASE-DEMO-0001,CSE-POWER-001,CASE-DEMO-0001,ALRT-000001,primary
CAL-CASE-DEMO-0002,CSE-FINANCE-002,CASE-DEMO-0002,ALRT-000006,primary
CAL-CASE-DEMO-0003,CSE-TELECOM-002,CASE-DEMO-0003,ALRT-000011,primary
CAL-CASE-DEMO-0004,CSE-POWER-002,CASE-DEMO-0004,ALRT-000016,primary
CAL-CASE-DEMO-0005,CSE-FINANCE-001,CASE-DEMO-0005,ALRT-000021,primary
CAL-CASE-DEMO-0006,CSE-TELECOM-001,CASE-DEMO-0006,ALRT-000026,primary
CAL-CASE-DEMO-0007,CSE-POWER-001,CASE-DEMO-0007,ALRT-000031,primary
CAL-CASE-DEMO-0008,CSE-FINANCE-002,CASE-DEMO-0008,ALRT-000036,primary
CAL-CASE-DEMO-0009,CSE-TELECOM-002,CASE-DEMO-0009,ALRT-000041,primary
CAL-CASE-DEMO-0010,CSE-POWER-002,CASE-DEMO-0010,ALRT-000046,primary
CAL-CASE-DEMO-0011,CSE-FINANCE-001,CASE-DEMO-0011,ALRT-000051,primary
CAL-CASE-DEMO-0012,CSE-TELECOM-001,CASE-DEMO-0012,ALRT-000056,primary
CAL-CASE-DEMO-0013,CSE-POWER-001,CASE-DEMO-0013,ALRT-000061,primary
CAL-CASE-DEMO-0014,CSE-FINANCE-002,CASE-DEMO-0014,ALRT-000066,primary
CAL-CASE-DEMO-0015,CSE-TELECOM-002,CASE-DEMO-0015,ALRT-000071,primary
CAL-CASE-DEMO-0016,CSE-POWER-002,CASE-DEMO-0016,ALRT-000076,primary
CAL-CASE-DEMO-0017,CSE-FINANCE-001,CASE-DEMO-0017,ALRT-000081,primary
CAL-CASE-DEMO-0018,CSE-TELECOM-001,CASE-DEMO-0018,ALRT-000086,primary
CAL-CASE-DEMO-0019,CSE-POWER-001,CASE-DEMO-0019,ALRT-000091,primary
CAL-CASE-DEMO-0020,CSE-FINANCE-002,CASE-DEMO-0020,ALRT-000096,primary
CAL-CASE-DEMO-0021,CSE-TELECOM-002,CASE-DEMO-0021,ALRT-000101,primary
CAL-CASE-DEMO-0022,CSE-POWER-002,CASE-DEMO-0022,ALRT-000106,primary
CAL-CASE-DEMO-0023,CSE-FINANCE-001,CASE-DEMO-0023,ALRT-000111,primary
CAL-CASE-DEMO-0024,CSE-TELECOM-001,CASE-DEMO-0024,ALRT-000116,primary
CAL-CASE-DEMO-0025,CSE-POWER-001,CASE-DEMO-0025,ALRT-000121,primary
CAL-CASE-DEMO-0026,CSE-FINANCE-002,CASE-DEMO-0026,ALRT-000126,primary
CAL-CASE-DEMO-0027,CSE-TELECOM-002,CASE-DEMO-0027,ALRT-000131,primary
CAL-CASE-DEMO-0028,CSE-POWER-002,CASE-DEMO-0028,ALRT-000136,primary
CAL-CASE-DEMO-0029,CSE-FINANCE-001,CASE-DEMO-0029,ALRT-000141,primary
CAL-CASE-DEMO-0030,CSE-TELECOM-001,CASE-DEMO-0030,ALRT-000146,primary
CAL-CASE-DEMO-0031,CSE-POWER-001,CASE-DEMO-0031,ALRT-000151,primary
CAL-CASE-DEMO-0032,CSE-FINANCE-002,CASE-DEMO-0032,ALRT-000156,primary
CAL-CASE-DEMO-0033,CSE-TELECOM-002,CASE-DEMO-0033,ALRT-000161,primary
CAL-CASE-DEMO-0034,CSE-POWER-002,CASE-DEMO-0034,ALRT-000166,primary
CAL-CASE-DEMO-0035,CSE-FINANCE-001,CASE-DEMO-0035,ALRT-000171,primary
CAL-CASE-DEMO-0036,CSE-TELECOM-001,CASE-DEMO-0036,ALRT-000176,primary
CAL-CASE-DEMO-0037,CSE-POWER-001,CASE-DEMO-0037,ALRT-000181,primary
CAL-CASE-DEMO-0038,CSE-FINANCE-002,CASE-DEMO-0038,ALRT-000186,primary
CAL-CASE-DEMO-0039,CSE-TELECOM-002,CASE-DEMO-0039,ALRT-000191,primary
CAL-CASE-DEMO-0040,CSE-POWER-002,CASE-DEMO-0040,ALRT-000196,primary
CAL-CASE-DEMO-0041,CSE-FINANCE-001,CASE-DEMO-0041,ALRT-000201,primary
CAL-CASE-DEMO-0042,CSE-TELECOM-001,CASE-DEMO-0042,ALRT-000206,primary
CAL-CASE-DEMO-0043,CSE-POWER-001,CASE-DEMO-0043,ALRT-000211,primary
CAL-CASE-DEMO-0044,CSE-FINANCE-002,CASE-DEMO-0044,ALRT-000216,primary
CAL-CASE-DEMO-0045,CSE-TELECOM-002,CASE-DEMO-0045,ALRT-000221,primary
CAL-CASE-DEMO-0046,CSE-POWER-002,CASE-DEMO-0046,ALRT-000226,primary
CAL-CASE-DEMO-0047,CSE-FINANCE-001,CASE-DEMO-0047,ALRT-000231,primary
CAL-CASE-DEMO-0048,CSE-TELECOM-001,CASE-DEMO-0048,ALRT-000236,primary
CAL-CASE-DEMO-0049,CSE-POWER-001,CASE-DEMO-0049,ALRT-000241,primary
CAL-CASE-DEMO-0050,CSE-FINANCE-002,CASE-DEMO-0050,ALRT-000246,primary
CAL-CASE-DEMO-0051,CSE-TELECOM-002,CASE-DEMO-0051,ALRT-000251,primary
CAL-CASE-DEMO-0052,CSE-POWER-002,CASE-DEMO-0052,ALRT-000256,primary
CAL-CASE-DEMO-0053,CSE-FINANCE-001,CASE-DEMO-0053,ALRT-000261,primary
CAL-CASE-DEMO-0054,CSE-TELECOM-001,CASE-DEMO-0054,ALRT-000266,primary
CAL-CASE-DEMO-0055,CSE-POWER-001,CASE-DEMO-0055,ALRT-000271,primary
CAL-CASE-DEMO-0056,CSE-FINANCE-002,CASE-DEMO-0056,ALRT-000276,primary
CAL-CASE-DEMO-0057,CSE-TELECOM-002,CASE-DEMO-0057,ALRT-000281,primary
CAL-CASE-DEMO-0058,CSE-POWER-002,CASE-DEMO-0058,ALRT-000286,primary
CAL-CASE-DEMO-0059,CSE-FINANCE-001,CASE-DEMO-0059,ALRT-000291,primary
CAL-CASE-DEMO-0060,CSE-TELECOM-001,CASE-DEMO-0060,ALRT-000296,primary
CAL-CASE-DEMO-0061,CSE-POWER-001,CASE-DEMO-0061,ALRT-000301,primary
CAL-CASE-DEMO-0062,CSE-FINANCE-002,CASE-DEMO-0062,ALRT-000306,primary
CAL-CASE-DEMO-0063,CSE-TELECOM-002,CASE-DEMO-0063,ALRT-000311,primary
CAL-CASE-DEMO-0064,CSE-POWER-002,CASE-DEMO-0064,ALRT-000316,primary
CAL-CASE-DEMO-0065,CSE-FINANCE-001,CASE-DEMO-0065,ALRT-000321,primary
CAL-CASE-DEMO-0066,CSE-TELECOM-001,CASE-DEMO-0066,ALRT-000326,primary
CAL-CASE-DEMO-0067,CSE-POWER-001,CASE-DEMO-0067,ALRT-000331,primary
CAL-CASE-DEMO-0068,CSE-FINANCE-002,CASE-DEMO-0068,ALRT-000336,primary
CAL-CASE-DEMO-0069,CSE-TELECOM-002,CASE-DEMO-0069,ALRT-000341,primary
CAL-CASE-DEMO-0070,CSE-POWER-002,CASE-DEMO-0070,ALRT-000346,primary
CAL-CASE-DEMO-0071,CSE-FINANCE-001,CASE-DEMO-0071,ALRT-000351,primary
CAL-CASE-DEMO-0072,CSE-TELECOM-001,CASE-DEMO-0072,ALRT-000356,primary
CAL-CASE-DEMO-0073,CSE-POWER-001,CASE-DEMO-0073,ALRT-000361,primary
CAL-CASE-DEMO-0074,CSE-FINANCE-002,CASE-DEMO-0074,ALRT-000366,primary
CAL-CASE-DEMO-0075,CSE-TELECOM-002,CASE-DEMO-0075,ALRT-000371,primary
CAL-CASE-DEMO-0076,CSE-POWER-002,CASE-DEMO-0076,ALRT-000376,primary
CAL-CASE-DEMO-0077,CSE-FINANCE-001,CASE-DEMO-0077,ALRT-000381,primary
CAL-CASE-DEMO-0078,CSE-TELECOM-001,CASE-DEMO-0078,ALRT-000386,primary
CAL-CASE-DEMO-0079,CSE-POWER-001,CASE-DEMO-0079,ALRT-000391,primary
CAL-CASE-DEMO-0080,CSE-FINANCE-002,CASE-DEMO-0080,ALRT-000396,primary
CAL-CASE-DEMO-0081,CSE-TELECOM-002,CASE-DEMO-0081,ALRT-000401,primary
CAL-CASE-DEMO-0082,CSE-POWER-002,CASE-DEMO-0082,ALRT-000406,primary
CAL-CASE-DEMO-0083,CSE-FINANCE-001,CASE-DEMO-0083,ALRT-000411,primary
CAL-CASE-DEMO-0084,CSE-TELECOM-001,CASE-DEMO-0084,ALRT-000416,primary
CAL-CASE-DEMO-0085,CSE-POWER-001,CASE-DEMO-0085,ALRT-000421,primary
CAL-CASE-DEMO-0086,CSE-FINANCE-002,CASE-DEMO-0086,ALRT-000426,primary
CAL-CASE-DEMO-0087,CSE-TELECOM-002,CASE-DEMO-0087,ALRT-000431,primary
CAL-CASE-DEMO-0088,CSE-POWER-002,CASE-DEMO-0088,ALRT-000436,primary
CAL-CASE-DEMO-0089,CSE-FINANCE-001,CASE-DEMO-0089,ALRT-000441,primary
CAL-CASE-DEMO-0090,CSE-TELECOM-001,CASE-DEMO-0090,ALRT-000446,primary
CAL-CASE-DEMO-0091,CSE-POWER-001,CASE-DEMO-0091,ALRT-000451,primary
CAL-CASE-DEMO-0092,CSE-FINANCE-002,CASE-DEMO-0092,ALRT-000456,primary
CAL-CASE-DEMO-0093,CSE-TELECOM-002,CASE-DEMO-0093,ALRT-000461,primary
CAL-CASE-DEMO-0094,CSE-POWER-002,CASE-DEMO-0094,ALRT-000466,primary
CAL-CASE-DEMO-0095,CSE-FINANCE-001,CASE-DEMO-0095,ALRT-000471,primary
CAL-CASE-DEMO-0096,CSE-TELECOM-001,CASE-DEMO-0096,ALRT-000476,primary
CAL-CASE-DEMO-0097,CSE-POWER-001,CASE-DEMO-0097,ALRT-000481,primary
CAL-CASE-DEMO-0098,CSE-FINANCE-002,CASE-DEMO-0098,ALRT-000486,primary
CAL-CASE-DEMO-0099,CSE-TELECOM-002,CASE-DEMO-0099,ALRT-000491,primary
CAL-CASE-DEMO-0100,CSE-POWER-002,CASE-DEMO-0100,ALRT-000496,primary
CAL-CASE-DEMO-0101,CSE-FINANCE-001,CASE-DEMO-0101,ALRT-000501,primary
CAL-CASE-DEMO-0102,CSE-TELECOM-001,CASE-DEMO-0102,ALRT-000506,primary
CAL-CASE-DEMO-0103,CSE-POWER-001,CASE-DEMO-0103,ALRT-000511,primary
CAL-CASE-DEMO-0104,CSE-FINANCE-002,CASE-DEMO-0104,ALRT-000516,primary
CAL-CASE-DEMO-0105,CSE-TELECOM-002,CASE-DEMO-0105,ALRT-000521,primary
CAL-CASE-DEMO-0106,CSE-POWER-002,CASE-DEMO-0106,ALRT-000526,primary
CAL-CASE-DEMO-0107,CSE-FINANCE-001,CASE-DEMO-0107,ALRT-000531,primary
CAL-CASE-DEMO-0108,CSE-TELECOM-001,CASE-DEMO-0108,ALRT-000536,primary
CAL-CASE-DEMO-0109,CSE-POWER-001,CASE-DEMO-0109,ALRT-000541,primary
CAL-CASE-DEMO-0110,CSE-FINANCE-002,CASE-DEMO-0110,ALRT-000546,primary
CAL-CASE-DEMO-0111,CSE-TELECOM-002,CASE-DEMO-0111,ALRT-000551,primary
CAL-CASE-DEMO-0112,CSE-POWER-002,CASE-DEMO-0112,ALRT-000556,primary
CAL-CASE-DEMO-0113,CSE-FINANCE-001,CASE-DEMO-0113,ALRT-000561,primary
CAL-CASE-DEMO-0114,CSE-TELECOM-001,CASE-DEMO-0114,ALRT-000566,primary
CAL-CASE-DEMO-0115,CSE-POWER-001,CASE-DEMO-0115,ALRT-000571,primary
CAL-CASE-DEMO-0116,CSE-FINANCE-002,CASE-DEMO-0116,ALRT-000576,primary
CAL-CASE-DEMO-0117,CSE-TELECOM-002,CASE-DEMO-0117,ALRT-000581,primary
CAL-CASE-DEMO-0118,CSE-POWER-002,CASE-DEMO-0118,ALRT-000586,primary
CAL-CASE-DEMO-0119,CSE-FINANCE-001,CASE-DEMO-0119,ALRT-000591,primary
CAL-CASE-DEMO-0120,CSE-TELECOM-001,CASE-DEMO-0120,ALRT-000596,primary
CAL-CASE-DEMO-0121,CSE-POWER-001,CASE-DEMO-0121,ALRT-000601,primary
CAL-CASE-DEMO-0122,CSE-FINANCE-002,CASE-DEMO-0122,ALRT-000606,primary
CAL-CASE-DEMO-0123,CSE-TELECOM-002,CASE-DEMO-0123,ALRT-000611,primary
CAL-CASE-DEMO-0124,CSE-POWER-002,CASE-DEMO-0124,ALRT-000616,primary
CAL-CASE-DEMO-0125,CSE-FINANCE-001,CASE-DEMO-0125,ALRT-000621,primary
CAL-CASE-DEMO-0126,CSE-TELECOM-001,CASE-DEMO-0126,ALRT-000626,primary
CAL-CASE-DEMO-0127,CSE-POWER-001,CASE-DEMO-0127,ALRT-000631,primary
CAL-CASE-DEMO-0128,CSE-FINANCE-002,CASE-DEMO-0128,ALRT-000636,primary
CAL-CASE-DEMO-0129,CSE-TELECOM-002,CASE-DEMO-0129,ALRT-000641,primary
CAL-CASE-DEMO-0130,CSE-POWER-002,CASE-DEMO-0130,ALRT-000646,primary
CAL-CASE-DEMO-0131,CSE-FINANCE-001,CASE-DEMO-0131,ALRT-000651,primary
CAL-CASE-DEMO-0132,CSE-TELECOM-001,CASE-DEMO-0132,ALRT-000656,primary
CAL-CASE-DEMO-0133,CSE-POWER-001,CASE-DEMO-0133,ALRT-000661,primary
CAL-CASE-DEMO-0134,CSE-FINANCE-002,CASE-DEMO-0134,ALRT-000666,primary
CAL-CASE-DEMO-0135,CSE-TELECOM-002,CASE-DEMO-0135,ALRT-000671,primary
CAL-CASE-DEMO-0136,CSE-POWER-002,CASE-DEMO-0136,ALRT-000676,primary
CAL-CASE-DEMO-0137,CSE-FINANCE-001,CASE-DEMO-0137,ALRT-000681,primary
CAL-CASE-DEMO-0138,CSE-TELECOM-001,CASE-DEMO-0138,ALRT-000686,primary
CAL-CASE-DEMO-0139,CSE-POWER-001,CASE-DEMO-0139,ALRT-000691,primary
CAL-CASE-DEMO-0140,CSE-FINANCE-002,CASE-DEMO-0140,ALRT-000696,primary
CAL-CASE-DEMO-0141,CSE-TELECOM-002,CASE-DEMO-0141,ALRT-000701,primary
CAL-CASE-DEMO-0142,CSE-POWER-002,CASE-DEMO-0142,ALRT-000706,primary
CAL-CASE-DEMO-0143,CSE-FINANCE-001,CASE-DEMO-0143,ALRT-000711,primary
CAL-CASE-DEMO-0144,CSE-TELECOM-001,CASE-DEMO-0144,ALRT-000716,primary
CAL-CASE-DEMO-0145,CSE-POWER-001,CASE-DEMO-0145,ALRT-000721,primary
CAL-CASE-DEMO-0146,CSE-FINANCE-002,CASE-DEMO-0146,ALRT-000726,primary
CAL-CASE-DEMO-0147,CSE-TELECOM-002,CASE-DEMO-0147,ALRT-000731,primary
CAL-CASE-DEMO-0148,CSE-POWER-002,CASE-DEMO-0148,ALRT-000736,primary
CAL-CASE-DEMO-0149,CSE-FINANCE-001,CASE-DEMO-0149,ALRT-000741,primary
CAL-CASE-DEMO-0150,CSE-TELECOM-001,CASE-DEMO-0150,ALRT-000746,primary
CAL-CASE-DEMO-0151,CSE-POWER-001,CASE-DEMO-0151,ALRT-000751,primary
CAL-CASE-DEMO-0152,CSE-FINANCE-002,CASE-DEMO-0152,ALRT-000756,primary
CAL-CASE-DEMO-0153,CSE-TELECOM-002,CASE-DEMO-0153,ALRT-000761,primary
CAL-CASE-DEMO-0154,CSE-POWER-002,CASE-DEMO-0154,ALRT-000766,primary
CAL-CASE-DEMO-0155,CSE-FINANCE-001,CASE-DEMO-0155,ALRT-000771,primary
CAL-CASE-DEMO-0156,CSE-TELECOM-001,CASE-DEMO-0156,ALRT-000776,primary
CAL-CASE-DEMO-0157,CSE-POWER-001,CASE-DEMO-0157,ALRT-000781,primary
CAL-CASE-DEMO-0158,CSE-FINANCE-002,CASE-DEMO-0158,ALRT-000786,primary
CAL-CASE-DEMO-0159,CSE-TELECOM-002,CASE-DEMO-0159,ALRT-000791,primary
CAL-CASE-DEMO-0160,CSE-POWER-002,CASE-DEMO-0160,ALRT-000796,primary
CAL-CASE-DEMO-0161,CSE-FINANCE-001,CASE-DEMO-0161,ALRT-000801,primary
CAL-CASE-DEMO-0162,CSE-TELECOM-001,CASE-DEMO-0162,ALRT-000806,primary
CAL-CASE-DEMO-0163,CSE-POWER-001,CASE-DEMO-0163,ALRT-000811,primary
CAL-CASE-DEMO-0164,CSE-FINANCE-002,CASE-DEMO-0164,ALRT-000816,primary
CAL-CASE-DEMO-0165,CSE-TELECOM-002,CASE-DEMO-0165,ALRT-000821,primary
CAL-CASE-DEMO-0166,CSE-POWER-002,CASE-DEMO-0166,ALRT-000826,primary
CAL-CASE-DEMO-0167,CSE-FINANCE-001,CASE-DEMO-0167,ALRT-000831,primary
CAL-CASE-DEMO-0168,CSE-TELECOM-001,CASE-DEMO-0168,ALRT-000836,primary
CAL-CASE-DEMO-0169,CSE-POWER-001,CASE-DEMO-0169,ALRT-000841,primary
CAL-CASE-DEMO-0170,CSE-FINANCE-002,CASE-DEMO-0170,ALRT-000846,primary
CAL-CASE-DEMO-0171,CSE-TELECOM-002,CASE-DEMO-0171,ALRT-000851,primary
CAL-CASE-DEMO-0172,CSE-POWER-002,CASE-DEMO-0172,ALRT-000856,primary
CAL-CASE-DEMO-0173,CSE-FINANCE-001,CASE-DEMO-0173,ALRT-000861,primary
CAL-CASE-DEMO-0174,CSE-TELECOM-001,CASE-DEMO-0174,ALRT-000866,primary
CAL-CASE-DEMO-0175,CSE-POWER-001,CASE-DEMO-0175,ALRT-000871,primary
CAL-CASE-DEMO-0176,CSE-FINANCE-002,CASE-DEMO-0176,ALRT-000876,primary
CAL-CASE-DEMO-0177,CSE-TELECOM-002,CASE-DEMO-0177,ALRT-000881,primary
CAL-CASE-DEMO-0178,CSE-POWER-002,CASE-DEMO-0178,ALRT-000886,primary
CAL-CASE-DEMO-0179,CSE-FINANCE-001,CASE-DEMO-0179,ALRT-000891,primary
CAL-CASE-DEMO-0180,CSE-TELECOM-001,CASE-DEMO-0180,ALRT-000896,primary
CAL-CASE-DEMO-0181,CSE-POWER-001,CASE-DEMO-0181,ALRT-000901,primary
CAL-CASE-DEMO-0182,CSE-FINANCE-002,CASE-DEMO-0182,ALRT-000906,primary
CAL-CASE-DEMO-0183,CSE-TELECOM-002,CASE-DEMO-0183,ALRT-000911,primary
CAL-CASE-DEMO-0184,CSE-POWER-002,CASE-DEMO-0184,ALRT-000916,primary
CAL-CASE-DEMO-0185,CSE-FINANCE-001,CASE-DEMO-0185,ALRT-000921,primary
CAL-CASE-DEMO-0186,CSE-TELECOM-001,CASE-DEMO-0186,ALRT-000926,primary
CAL-CASE-DEMO-0187,CSE-POWER-001,CASE-DEMO-0187,ALRT-000931,primary
CAL-CASE-DEMO-0188,CSE-FINANCE-002,CASE-DEMO-0188,ALRT-000936,primary
CAL-CASE-DEMO-0189,CSE-TELECOM-002,CASE-DEMO-0189,ALRT-000941,primary
CAL-CASE-DEMO-0190,CSE-POWER-002,CASE-DEMO-0190,ALRT-000946,primary
CAL-CASE-DEMO-0191,CSE-FINANCE-001,CASE-DEMO-0191,ALRT-000951,primary
CAL-CASE-DEMO-0192,CSE-TELECOM-001,CASE-DEMO-0192,ALRT-000956,primary
CAL-CASE-DEMO-0193,CSE-POWER-001,CASE-DEMO-0193,ALRT-000961,primary
CAL-CASE-DEMO-0194,CSE-FINANCE-002,CASE-DEMO-0194,ALRT-000966,primary
CAL-CASE-DEMO-0195,CSE-TELECOM-002,CASE-DEMO-0195,ALRT-000971,primary
CAL-CASE-DEMO-0196,CSE-POWER-002,CASE-DEMO-0196,ALRT-000976,primary
CAL-CASE-DEMO-0197,CSE-FINANCE-001,CASE-DEMO-0197,ALRT-000981,primary
CAL-CASE-DEMO-0198,CSE-TELECOM-001,CASE-DEMO-0198,ALRT-000986,primary
CAL-CASE-DEMO-0199,CSE-POWER-001,CASE-DEMO-0199,ALRT-000991,primary
CAL-CASE-DEMO-0200,CSE-FINANCE-002,CASE-DEMO-0200,ALRT-000996,primary
CAL-CASE-DEMO-0201,CSE-TELECOM-002,CASE-DEMO-0201,ALRT-001001,primary
CAL-CASE-DEMO-0202,CSE-POWER-002,CASE-DEMO-0202,ALRT-001006,primary
CAL-CASE-DEMO-0203,CSE-FINANCE-001,CASE-DEMO-0203,ALRT-001011,primary
CAL-CASE-DEMO-0204,CSE-TELECOM-001,CASE-DEMO-0204,ALRT-001016,primary
CAL-CASE-DEMO-0205,CSE-POWER-001,CASE-DEMO-0205,ALRT-001021,primary
CAL-CASE-DEMO-0206,CSE-FINANCE-002,CASE-DEMO-0206,ALRT-001026,primary
CAL-CASE-DEMO-0207,CSE-TELECOM-002,CASE-DEMO-0207,ALRT-001031,primary
CAL-CASE-DEMO-0208,CSE-POWER-002,CASE-DEMO-0208,ALRT-001036,primary
CAL-CASE-DEMO-0209,CSE-FINANCE-001,CASE-DEMO-0209,ALRT-001041,primary
CAL-CASE-DEMO-0210,CSE-TELECOM-001,CASE-DEMO-0210,ALRT-001046,primary
CAL-CASE-DEMO-0211,CSE-POWER-001,CASE-DEMO-0211,ALRT-001051,primary
CAL-CASE-DEMO-0212,CSE-FINANCE-002,CASE-DEMO-0212,ALRT-001056,primary
CAL-CASE-DEMO-0213,CSE-TELECOM-002,CASE-DEMO-0213,ALRT-001061,primary
CAL-CASE-DEMO-0214,CSE-POWER-002,CASE-DEMO-0214,ALRT-001066,primary
CAL-CASE-DEMO-0215,CSE-FINANCE-001,CASE-DEMO-0215,ALRT-001071,primary
CAL-CASE-DEMO-0216,CSE-TELECOM-001,CASE-DEMO-0216,ALRT-001076,primary
CAL-CASE-DEMO-0217,CSE-POWER-001,CASE-DEMO-0217,ALRT-001081,primary
CAL-CASE-DEMO-0218,CSE-FINANCE-002,CASE-DEMO-0218,ALRT-001086,primary
CAL-CASE-DEMO-0219,CSE-TELECOM-002,CASE-DEMO-0219,ALRT-001091,primary
CAL-CASE-DEMO-0220,CSE-POWER-002,CASE-DEMO-0220,ALRT-001096,primary
CAL-CASE-DEMO-0221,CSE-FINANCE-001,CASE-DEMO-0221,ALRT-001101,primary
CAL-CASE-DEMO-0222,CSE-TELECOM-001,CASE-DEMO-0222,ALRT-001106,primary
CAL-CASE-DEMO-0223,CSE-POWER-001,CASE-DEMO-0223,ALRT-001111,primary
CAL-CASE-DEMO-0224,CSE-FINANCE-002,CASE-DEMO-0224,ALRT-001116,primary
CAL-CASE-DEMO-0225,CSE-TELECOM-002,CASE-DEMO-0225,ALRT-001121,primary
CAL-CASE-DEMO-0226,CSE-POWER-002,CASE-DEMO-0226,ALRT-001126,primary
CAL-CASE-DEMO-0227,CSE-FINANCE-001,CASE-DEMO-0227,ALRT-001131,primary
CAL-CASE-DEMO-0228,CSE-TELECOM-001,CASE-DEMO-0228,ALRT-001136,primary
CAL-CASE-DEMO-0229,CSE-POWER-001,CASE-DEMO-0229,ALRT-001141,primary
CAL-CASE-DEMO-0230,CSE-FINANCE-002,CASE-DEMO-0230,ALRT-001146,primary
CAL-CASE-DEMO-0231,CSE-TELECOM-002,CASE-DEMO-0231,ALRT-001151,primary
CAL-CASE-DEMO-0232,CSE-POWER-002,CASE-DEMO-0232,ALRT-001156,primary
CAL-CASE-DEMO-0233,CSE-FINANCE-001,CASE-DEMO-0233,ALRT-001161,primary
CAL-CASE-DEMO-0234,CSE-TELECOM-001,CASE-DEMO-0234,ALRT-001166,primary
CAL-CASE-DEMO-0235,CSE-POWER-001,CASE-DEMO-0235,ALRT-001171,primary
CAL-CASE-DEMO-0236,CSE-FINANCE-002,CASE-DEMO-0236,ALRT-001176,primary
CAL-CASE-DEMO-0237,CSE-TELECOM-002,CASE-DEMO-0237,ALRT-001181,primary
CAL-CASE-DEMO-0238,CSE-POWER-002,CASE-DEMO-0238,ALRT-001186,primary
CAL-CASE-DEMO-0239,CSE-FINANCE-001,CASE-DEMO-0239,ALRT-001191,primary
CAL-CASE-DEMO-0240,CSE-TELECOM-001,CASE-DEMO-0240,ALRT-001196,primary
CAL-CASE-DEMO-0241,CSE-POWER-001,CASE-DEMO-0241,ALRT-001201,primary
CAL-CASE-DEMO-0242,CSE-FINANCE-002,CASE-DEMO-0242,ALRT-001206,primary
CAL-CASE-DEMO-0243,CSE-TELECOM-002,CASE-DEMO-0243,ALRT-001211,primary
CAL-CASE-DEMO-0244,CSE-POWER-002,CASE-DEMO-0244,ALRT-001216,primary
CAL-CASE-DEMO-0245,CSE-FINANCE-001,CASE-DEMO-0245,ALRT-001221,primary
CAL-CASE-DEMO-0246,CSE-TELECOM-001,CASE-DEMO-0246,ALRT-001226,primary
CAL-CASE-DEMO-0247,CSE-POWER-001,CASE-DEMO-0247,ALRT-001231,primary
CAL-CASE-DEMO-0248,CSE-FINANCE-002,CASE-DEMO-0248,ALRT-001236,primary
CAL-CASE-DEMO-0249,CSE-TELECOM-002,CASE-DEMO-0249,ALRT-001241,primary
CAL-CASE-DEMO-0250,CSE-POWER-002,CASE-DEMO-0250,ALRT-001246,primary
CAL-CASE-DEMO-0251,CSE-FINANCE-001,CASE-DEMO-0251,ALRT-001251,primary
CAL-CASE-DEMO-0252,CSE-TELECOM-001,CASE-DEMO-0252,ALRT-001256,primary
CAL-CASE-DEMO-0253,CSE-POWER-001,CASE-DEMO-0253,ALRT-001261,primary
CAL-CASE-DEMO-0254,CSE-FINANCE-002,CASE-DEMO-0254,ALRT-001266,primary
CAL-CASE-DEMO-0255,CSE-TELECOM-002,CASE-DEMO-0255,ALRT-001271,primary
CAL-CASE-DEMO-0256,CSE-POWER-002,CASE-DEMO-0256,ALRT-001276,primary
CAL-CASE-DEMO-0257,CSE-FINANCE-001,CASE-DEMO-0257,ALRT-001281,primary
CAL-CASE-DEMO-0258,CSE-TELECOM-001,CASE-DEMO-0258,ALRT-001286,primary
CAL-CASE-DEMO-0259,CSE-POWER-001,CASE-DEMO-0259,ALRT-001291,primary
CAL-CASE-DEMO-0260,CSE-FINANCE-002,CASE-DEMO-0260,ALRT-001296,primary
CAL-CASE-DEMO-0261,CSE-TELECOM-002,CASE-DEMO-0261,ALRT-001301,primary
CAL-CASE-DEMO-0262,CSE-POWER-002,CASE-DEMO-0262,ALRT-001306,primary
CAL-CASE-DEMO-0263,CSE-FINANCE-001,CASE-DEMO-0263,ALRT-001311,primary
CAL-CASE-DEMO-0264,CSE-TELECOM-001,CASE-DEMO-0264,ALRT-001316,primary
CAL-CASE-DEMO-0265,CSE-POWER-001,CASE-DEMO-0265,ALRT-001321,primary
CAL-CASE-DEMO-0266,CSE-FINANCE-002,CASE-DEMO-0266,ALRT-001326,primary
CAL-CASE-DEMO-0267,CSE-TELECOM-002,CASE-DEMO-0267,ALRT-001331,primary
CAL-CASE-DEMO-0268,CSE-POWER-002,CASE-DEMO-0268,ALRT-001336,primary
CAL-CASE-DEMO-0269,CSE-FINANCE-001,CASE-DEMO-0269,ALRT-001341,primary
CAL-CASE-DEMO-0270,CSE-TELECOM-001,CASE-DEMO-0270,ALRT-001346,primary
CAL-CASE-DEMO-0271,CSE-POWER-001,CASE-DEMO-0271,ALRT-001351,primary
CAL-CASE-DEMO-0272,CSE-FINANCE-002,CASE-DEMO-0272,ALRT-001356,primary
CAL-CASE-DEMO-0273,CSE-TELECOM-002,CASE-DEMO-0273,ALRT-001361,primary
CAL-CASE-DEMO-0274,CSE-POWER-002,CASE-DEMO-0274,ALRT-001366,primary
CAL-CASE-DEMO-0275,CSE-FINANCE-001,CASE-DEMO-0275,ALRT-001371,primary
CAL-CASE-DEMO-0276,CSE-TELECOM-001,CASE-DEMO-0276,ALRT-001376,primary
CAL-CASE-DEMO-0277,CSE-POWER-001,CASE-DEMO-0277,ALRT-001381,primary
CAL-CASE-DEMO-0278,CSE-FINANCE-002,CASE-DEMO-0278,ALRT-001386,primary
CAL-CASE-DEMO-0279,CSE-TELECOM-002,CASE-DEMO-0279,ALRT-001391,primary
CAL-CASE-DEMO-0280,CSE-POWER-002,CASE-DEMO-0280,ALRT-001396,primary
CAL-CASE-DEMO-0281,CSE-FINANCE-001,CASE-DEMO-0281,ALRT-001401,primary
CAL-CASE-DEMO-0282,CSE-TELECOM-001,CASE-DEMO-0282,ALRT-001406,primary
CAL-CASE-DEMO-0283,CSE-POWER-001,CASE-DEMO-0283,ALRT-001411,primary
CAL-CASE-DEMO-0284,CSE-FINANCE-002,CASE-DEMO-0284,ALRT-001416,primary
CAL-CASE-DEMO-0285,CSE-TELECOM-002,CASE-DEMO-0285,ALRT-001421,primary
CAL-CASE-DEMO-0286,CSE-POWER-002,CASE-DEMO-0286,ALRT-001426,primary
CAL-CASE-DEMO-0287,CSE-FINANCE-001,CASE-DEMO-0287,ALRT-001431,primary
CAL-CASE-DEMO-0288,CSE-TELECOM-001,CASE-DEMO-0288,ALRT-001436,primary
CAL-CASE-DEMO-0289,CSE-POWER-001,CASE-DEMO-0289,ALRT-001441,primary
CAL-CASE-DEMO-0290,CSE-FINANCE-002,CASE-DEMO-0290,ALRT-001446,primary
CAL-CASE-DEMO-0291,CSE-TELECOM-002,CASE-DEMO-0291,ALRT-001451,primary
CAL-CASE-DEMO-0292,CSE-POWER-002,CASE-DEMO-0292,ALRT-001456,primary
CAL-CASE-DEMO-0293,CSE-FINANCE-001,CASE-DEMO-0293,ALRT-001461,primary
CAL-CASE-DEMO-0294,CSE-TELECOM-001,CASE-DEMO-0294,ALRT-001466,primary
CAL-CASE-DEMO-0295,CSE-POWER-001,CASE-DEMO-0295,ALRT-001471,primary
CAL-CASE-DEMO-0296,CSE-FINANCE-002,CASE-DEMO-0296,ALRT-001476,primary
CAL-CASE-DEMO-0297,CSE-TELECOM-002,CASE-DEMO-0297,ALRT-001481,primary
CAL-CASE-DEMO-0298,CSE-POWER-002,CASE-DEMO-0298,ALRT-001486,primary
CAL-CASE-DEMO-0299,CSE-FINANCE-001,CASE-DEMO-0299,ALRT-001491,primary
CAL-CASE-DEMO-0300,CSE-TELECOM-001,CASE-DEMO-0300,ALRT-001496,primary
CAL-CASE-DEMO-0301,CSE-POWER-001,CASE-DEMO-0301,ALRT-001501,primary
CAL-CASE-DEMO-0302,CSE-FINANCE-002,CASE-DEMO-0302,ALRT-001506,primary
CAL-CASE-DEMO-0303,CSE-TELECOM-002,CASE-DEMO-0303,ALRT-001511,primary
CAL-CASE-DEMO-0304,CSE-POWER-002,CASE-DEMO-0304,ALRT-001516,primary
CAL-CASE-DEMO-0305,CSE-FINANCE-001,CASE-DEMO-0305,ALRT-001521,primary
CAL-CASE-DEMO-0306,CSE-TELECOM-001,CASE-DEMO-0306,ALRT-001526,primary
CAL-CASE-DEMO-0307,CSE-POWER-001,CASE-DEMO-0307,ALRT-001531,primary
CAL-CASE-DEMO-0308,CSE-FINANCE-002,CASE-DEMO-0308,ALRT-001536,primary
CAL-CASE-DEMO-0309,CSE-TELECOM-002,CASE-DEMO-0309,ALRT-001541,primary
CAL-CASE-DEMO-0310,CSE-POWER-002,CASE-DEMO-0310,ALRT-001546,primary
CAL-CASE-DEMO-0311,CSE-FINANCE-001,CASE-DEMO-0311,ALRT-001551,primary
CAL-CASE-DEMO-0312,CSE-TELECOM-001,CASE-DEMO-0312,ALRT-001556,primary
CAL-CASE-DEMO-0313,CSE-POWER-001,CASE-DEMO-0313,ALRT-001561,primary
CAL-CASE-DEMO-0314,CSE-FINANCE-002,CASE-DEMO-0314,ALRT-001566,primary
CAL-CASE-DEMO-0315,CSE-TELECOM-002,CASE-DEMO-0315,ALRT-001571,primary
CAL-CASE-DEMO-0316,CSE-POWER-002,CASE-DEMO-0316,ALRT-001576,primary
CAL-CASE-DEMO-0317,CSE-FINANCE-001,CASE-DEMO-0317,ALRT-001581,primary
CAL-CASE-DEMO-0318,CSE-TELECOM-001,CASE-DEMO-0318,ALRT-001586,primary
CAL-CASE-DEMO-0319,CSE-POWER-001,CASE-DEMO-0319,ALRT-001591,primary
CAL-CASE-DEMO-0320,CSE-FINANCE-002,CASE-DEMO-0320,ALRT-001596,primary
CAL-CASE-DEMO-0321,CSE-TELECOM-002,CASE-DEMO-0321,ALRT-001601,primary
CAL-CASE-DEMO-0322,CSE-POWER-002,CASE-DEMO-0322,ALRT-001606,primary
CAL-CASE-DEMO-0323,CSE-FINANCE-001,CASE-DEMO-0323,ALRT-001611,primary
CAL-CASE-DEMO-0324,CSE-TELECOM-001,CASE-DEMO-0324,ALRT-001616,primary
CAL-CASE-DEMO-0325,CSE-POWER-001,CASE-DEMO-0325,ALRT-001621,primary
CAL-CASE-DEMO-0326,CSE-FINANCE-002,CASE-DEMO-0326,ALRT-001626,primary
CAL-CASE-DEMO-0327,CSE-TELECOM-002,CASE-DEMO-0327,ALRT-001631,primary
CAL-CASE-DEMO-0328,CSE-POWER-002,CASE-DEMO-0328,ALRT-001636,primary
CAL-CASE-DEMO-0329,CSE-FINANCE-001,CASE-DEMO-0329,ALRT-001641,primary
CAL-CASE-DEMO-0330,CSE-TELECOM-001,CASE-DEMO-0330,ALRT-001646,primary
CAL-CASE-DEMO-0331,CSE-POWER-001,CASE-DEMO-0331,ALRT-001651,primary
CAL-CASE-DEMO-0332,CSE-FINANCE-002,CASE-DEMO-0332,ALRT-001656,primary
CAL-CASE-DEMO-0333,CSE-TELECOM-002,CASE-DEMO-0333,ALRT-001661,primary
CAL-CASE-DEMO-0334,CSE-POWER-002,CASE-DEMO-0334,ALRT-001666,primary
CAL-CASE-DEMO-0335,CSE-FINANCE-001,CASE-DEMO-0335,ALRT-001671,primary
CAL-CASE-DEMO-0336,CSE-TELECOM-001,CASE-DEMO-0336,ALRT-001676,primary
CAL-CASE-DEMO-0337,CSE-POWER-001,CASE-DEMO-0337,ALRT-001681,primary
CAL-CASE-DEMO-0338,CSE-FINANCE-002,CASE-DEMO-0338,ALRT-001686,primary
CAL-CASE-DEMO-0339,CSE-TELECOM-002,CASE-DEMO-0339,ALRT-001691,primary
CAL-CASE-DEMO-0340,CSE-POWER-002,CASE-DEMO-0340,ALRT-001696,primary
CAL-CASE-DEMO-0341,CSE-FINANCE-001,CASE-DEMO-0341,ALRT-001701,primary
CAL-CASE-DEMO-0342,CSE-TELECOM-001,CASE-DEMO-0342,ALRT-001706,primary
CAL-CASE-DEMO-0343,CSE-POWER-001,CASE-DEMO-0343,ALRT-001711,primary
CAL-CASE-DEMO-0344,CSE-FINANCE-002,CASE-DEMO-0344,ALRT-001716,primary
CAL-CASE-DEMO-0345,CSE-TELECOM-002,CASE-DEMO-0345,ALRT-001721,primary
CAL-CASE-DEMO-0346,CSE-POWER-002,CASE-DEMO-0346,ALRT-001726,primary
CAL-CASE-DEMO-0347,CSE-FINANCE-001,CASE-DEMO-0347,ALRT-001731,primary
CAL-CASE-DEMO-0348,CSE-TELECOM-001,CASE-DEMO-0348,ALRT-001736,primary
CAL-CASE-DEMO-0349,CSE-POWER-001,CASE-DEMO-0349,ALRT-001741,primary
CAL-CASE-DEMO-0350,CSE-FINANCE-002,CASE-DEMO-0350,ALRT-001746,primary
CAL-CASE-DEMO-0351,CSE-TELECOM-002,CASE-DEMO-0351,ALRT-001751,primary
CAL-CASE-DEMO-0352,CSE-POWER-002,CASE-DEMO-0352,ALRT-001756,primary
CAL-CASE-DEMO-0353,CSE-FINANCE-001,CASE-DEMO-0353,ALRT-001761,primary
CAL-CASE-DEMO-0354,CSE-TELECOM-001,CASE-DEMO-0354,ALRT-001766,primary
CAL-CASE-DEMO-0355,CSE-POWER-001,CASE-DEMO-0355,ALRT-001771,primary
CAL-CASE-DEMO-0356,CSE-FINANCE-002,CASE-DEMO-0356,ALRT-001776,primary
CAL-CASE-DEMO-0357,CSE-TELECOM-002,CASE-DEMO-0357,ALRT-001781,primary
CAL-CASE-DEMO-0358,CSE-POWER-002,CASE-DEMO-0358,ALRT-001786,primary
CAL-CASE-DEMO-0359,CSE-FINANCE-001,CASE-DEMO-0359,ALRT-001791,primary
CAL-CASE-DEMO-0360,CSE-TELECOM-001,CASE-DEMO-0360,ALRT-001796,primary
CAL-CASE-DEMO-0361,CSE-POWER-001,CASE-DEMO-0361,ALRT-001801,primary
CAL-CASE-DEMO-0362,CSE-FINANCE-002,CASE-DEMO-0362,ALRT-001806,primary
CAL-CASE-DEMO-0363,CSE-TELECOM-002,CASE-DEMO-0363,ALRT-001811,primary
CAL-CASE-DEMO-0364,CSE-POWER-002,CASE-DEMO-0364,ALRT-001816,primary
CAL-CASE-DEMO-0365,CSE-FINANCE-001,CASE-DEMO-0365,ALRT-001821,primary
CAL-CASE-DEMO-0366,CSE-TELECOM-001,CASE-DEMO-0366,ALRT-001826,primary
CAL-CASE-DEMO-0367,CSE-POWER-001,CASE-DEMO-0367,ALRT-001831,primary
CAL-CASE-DEMO-0368,CSE-FINANCE-002,CASE-DEMO-0368,ALRT-001836,primary
CAL-CASE-DEMO-0369,CSE-TELECOM-002,CASE-DEMO-0369,ALRT-001841,primary
CAL-CASE-DEMO-0370,CSE-POWER-002,CASE-DEMO-0370,ALRT-001846,primary
CAL-CASE-DEMO-0371,CSE-FINANCE-001,CASE-DEMO-0371,ALRT-001851,primary
CAL-CASE-DEMO-0372,CSE-TELECOM-001,CASE-DEMO-0372,ALRT-001856,primary
CAL-CASE-DEMO-0373,CSE-POWER-001,CASE-DEMO-0373,ALRT-001861,primary
CAL-CASE-DEMO-0374,CSE-FINANCE-002,CASE-DEMO-0374,ALRT-001866,primary
CAL-CASE-DEMO-0375,CSE-TELECOM-002,CASE-DEMO-0375,ALRT-001871,primary
CAL-CASE-DEMO-0376,CSE-POWER-002,CASE-DEMO-0376,ALRT-001876,primary
CAL-CASE-DEMO-0377,CSE-FINANCE-001,CASE-DEMO-0377,ALRT-001881,primary
CAL-CASE-DEMO-0378,CSE-TELECOM-001,CASE-DEMO-0378,ALRT-001886,primary
CAL-CASE-DEMO-0379,CSE-POWER-001,CASE-DEMO-0379,ALRT-001891,primary
CAL-CASE-DEMO-0380,CSE-FINANCE-002,CASE-DEMO-0380,ALRT-001896,primary
CAL-CASE-DEMO-0381,CSE-TELECOM-002,CASE-DEMO-0381,ALRT-001901,primary
CAL-CASE-DEMO-0382,CSE-POWER-002,CASE-DEMO-0382,ALRT-001906,primary
CAL-CASE-DEMO-0383,CSE-FINANCE-001,CASE-DEMO-0383,ALRT-001911,primary
CAL-CASE-DEMO-0384,CSE-TELECOM-001,CASE-DEMO-0384,ALRT-001916,primary
CAL-CASE-DEMO-0385,CSE-POWER-001,CASE-DEMO-0385,ALRT-001921,primary
CAL-CASE-DEMO-0386,CSE-FINANCE-002,CASE-DEMO-0386,ALRT-001926,primary
CAL-CASE-DEMO-0387,CSE-TELECOM-002,CASE-DEMO-0387,ALRT-001931,primary
CAL-CASE-DEMO-0388,CSE-POWER-002,CASE-DEMO-0388,ALRT-001936,primary
CAL-CASE-DEMO-0389,CSE-FINANCE-001,CASE-DEMO-0389,ALRT-001941,primary
CAL-CASE-DEMO-0390,CSE-TELECOM-001,CASE-DEMO-0390,ALRT-001946,primary
CAL-CASE-DEMO-0391,CSE-POWER-001,CASE-DEMO-0391,ALRT-001951,primary
CAL-CASE-DEMO-0392,CSE-FINANCE-002,CASE-DEMO-0392,ALRT-001956,primary
CAL-CASE-DEMO-0393,CSE-TELECOM-002,CASE-DEMO-0393,ALRT-001961,primary
CAL-CASE-DEMO-0394,CSE-POWER-002,CASE-DEMO-0394,ALRT-001966,primary
CAL-CASE-DEMO-0395,CSE-FINANCE-001,CASE-DEMO-0395,ALRT-001971,primary
CAL-CASE-DEMO-0396,CSE-TELECOM-001,CASE-DEMO-0396,ALRT-001976,primary
CAL-CASE-DEMO-0397,CSE-POWER-001,CASE-DEMO-0397,ALRT-001981,primary
CAL-CASE-DEMO-0398,CSE-FINANCE-002,CASE-DEMO-0398,ALRT-001986,primary
CAL-CASE-DEMO-0399,CSE-TELECOM-002,CASE-DEMO-0399,ALRT-001991,primary
CAL-CASE-DEMO-0400,CSE-POWER-002,CASE-DEMO-0400,ALRT-001996,primary
CAL-CASE-DEMO-0401,CSE-FINANCE-001,CASE-DEMO-0401,ALRT-002001,primary
CAL-CASE-DEMO-0402,CSE-TELECOM-001,CASE-DEMO-0402,ALRT-002006,primary
CAL-CASE-DEMO-0403,CSE-POWER-001,CASE-DEMO-0403,ALRT-002011,primary
CAL-CASE-DEMO-0404,CSE-FINANCE-002,CASE-DEMO-0404,ALRT-002016,primary
CAL-CASE-DEMO-0405,CSE-TELECOM-002,CASE-DEMO-0405,ALRT-002021,primary
CAL-CASE-DEMO-0406,CSE-POWER-002,CASE-DEMO-0406,ALRT-002026,primary
CAL-CASE-DEMO-0407,CSE-FINANCE-001,CASE-DEMO-0407,ALRT-002031,primary
CAL-CASE-DEMO-0408,CSE-TELECOM-001,CASE-DEMO-0408,ALRT-002036,primary
CAL-CASE-DEMO-0409,CSE-POWER-001,CASE-DEMO-0409,ALRT-002041,primary
CAL-CASE-DEMO-0410,CSE-FINANCE-002,CASE-DEMO-0410,ALRT-002046,primary
CAL-CASE-DEMO-0411,CSE-TELECOM-002,CASE-DEMO-0411,ALRT-002051,primary
CAL-CASE-DEMO-0412,CSE-POWER-002,CASE-DEMO-0412,ALRT-002056,primary
CAL-CASE-DEMO-0413,CSE-FINANCE-001,CASE-DEMO-0413,ALRT-002061,primary
CAL-CASE-DEMO-0414,CSE-TELECOM-001,CASE-DEMO-0414,ALRT-002066,primary
CAL-CASE-DEMO-0415,CSE-POWER-001,CASE-DEMO-0415,ALRT-002071,primary
CAL-CASE-DEMO-0416,CSE-FINANCE-002,CASE-DEMO-0416,ALRT-002076,primary
CAL-CASE-DEMO-0417,CSE-TELECOM-002,CASE-DEMO-0417,ALRT-002081,primary
CAL-CASE-DEMO-0418,CSE-POWER-002,CASE-DEMO-0418,ALRT-002086,primary
CAL-CASE-DEMO-0419,CSE-FINANCE-001,CASE-DEMO-0419,ALRT-002091,primary
CAL-CASE-DEMO-0420,CSE-TELECOM-001,CASE-DEMO-0420,ALRT-002096,primary
CAL-CASE-DEMO-0421,CSE-POWER-001,CASE-DEMO-0421,ALRT-002101,primary
CAL-CASE-DEMO-0422,CSE-FINANCE-002,CASE-DEMO-0422,ALRT-002106,primary
CAL-CASE-DEMO-0423,CSE-TELECOM-002,CASE-DEMO-0423,ALRT-002111,primary
CAL-CASE-DEMO-0424,CSE-POWER-002,CASE-DEMO-0424,ALRT-002116,primary
CAL-CASE-DEMO-0425,CSE-FINANCE-001,CASE-DEMO-0425,ALRT-002121,primary
CAL-CASE-DEMO-0426,CSE-TELECOM-001,CASE-DEMO-0426,ALRT-002126,primary
CAL-CASE-DEMO-0427,CSE-POWER-001,CASE-DEMO-0427,ALRT-002131,primary
CAL-CASE-DEMO-0428,CSE-FINANCE-002,CASE-DEMO-0428,ALRT-002136,primary
CAL-CASE-DEMO-0429,CSE-TELECOM-002,CASE-DEMO-0429,ALRT-002141,primary
CAL-CASE-DEMO-0430,CSE-POWER-002,CASE-DEMO-0430,ALRT-002146,primary
CAL-CASE-DEMO-0431,CSE-FINANCE-001,CASE-DEMO-0431,ALRT-002151,primary
CAL-CASE-DEMO-0432,CSE-TELECOM-001,CASE-DEMO-0432,ALRT-002156,primary
CAL-CASE-DEMO-0433,CSE-POWER-001,CASE-DEMO-0433,ALRT-002161,primary
CAL-CASE-DEMO-0434,CSE-FINANCE-002,CASE-DEMO-0434,ALRT-002166,primary
CAL-CASE-DEMO-0435,CSE-TELECOM-002,CASE-DEMO-0435,ALRT-002171,primary
CAL-CASE-DEMO-0436,CSE-POWER-002,CASE-DEMO-0436,ALRT-002176,primary
CAL-CASE-DEMO-0437,CSE-FINANCE-001,CASE-DEMO-0437,ALRT-002181,primary
CAL-CASE-DEMO-0438,CSE-TELECOM-001,CASE-DEMO-0438,ALRT-002186,primary
CAL-CASE-DEMO-0439,CSE-POWER-001,CASE-DEMO-0439,ALRT-002191,primary
CAL-CASE-DEMO-0440,CSE-FINANCE-002,CASE-DEMO-0440,ALRT-002196,primary
CAL-CASE-DEMO-0441,CSE-TELECOM-002,CASE-DEMO-0441,ALRT-002201,primary
CAL-CASE-DEMO-0442,CSE-POWER-002,CASE-DEMO-0442,ALRT-002206,primary
CAL-CASE-DEMO-0443,CSE-FINANCE-001,CASE-DEMO-0443,ALRT-002211,primary
CAL-CASE-DEMO-0444,CSE-TELECOM-001,CASE-DEMO-0444,ALRT-002216,primary
CAL-CASE-DEMO-0445,CSE-POWER-001,CASE-DEMO-0445,ALRT-002221,primary
CAL-CASE-DEMO-0446,CSE-FINANCE-002,CASE-DEMO-0446,ALRT-002226,primary
CAL-CASE-DEMO-0447,CSE-TELECOM-002,CASE-DEMO-0447,ALRT-002231,primary
CAL-CASE-DEMO-0448,CSE-POWER-002,CASE-DEMO-0448,ALRT-002236,primary
CAL-CASE-DEMO-0449,CSE-FINANCE-001,CASE-DEMO-0449,ALRT-002241,primary
CAL-CASE-DEMO-0450,CSE-TELECOM-001,CASE-DEMO-0450,ALRT-002246,primary
CAL-CASE-DEMO-0451,CSE-POWER-001,CASE-DEMO-0451,ALRT-002251,primary
CAL-CASE-DEMO-0452,CSE-FINANCE-002,CASE-DEMO-0452,ALRT-002256,primary
CAL-CASE-DEMO-0453,CSE-TELECOM-002,CASE-DEMO-0453,ALRT-002261,primary
CAL-CASE-DEMO-0454,CSE-POWER-002,CASE-DEMO-0454,ALRT-002266,primary
CAL-CASE-DEMO-0455,CSE-FINANCE-001,CASE-DEMO-0455,ALRT-002271,primary
CAL-CASE-DEMO-0456,CSE-TELECOM-001,CASE-DEMO-0456,ALRT-002276,primary
CAL-CASE-DEMO-0457,CSE-POWER-001,CASE-DEMO-0457,ALRT-002281,primary
CAL-CASE-DEMO-0458,CSE-FINANCE-002,CASE-DEMO-0458,ALRT-002286,primary
CAL-CASE-DEMO-0459,CSE-TELECOM-002,CASE-DEMO-0459,ALRT-002291,primary
CAL-CASE-DEMO-0460,CSE-POWER-002,CASE-DEMO-0460,ALRT-002296,primary
CAL-CASE-DEMO-0461,CSE-FINANCE-001,CASE-DEMO-0461,ALRT-002301,primary
CAL-CASE-DEMO-0462,CSE-TELECOM-001,CASE-DEMO-0462,ALRT-002306,primary
CAL-CASE-DEMO-0463,CSE-POWER-001,CASE-DEMO-0463,ALRT-002311,primary
CAL-CASE-DEMO-0464,CSE-FINANCE-002,CASE-DEMO-0464,ALRT-002316,primary
CAL-CASE-DEMO-0465,CSE-TELECOM-002,CASE-DEMO-0465,ALRT-002321,primary
CAL-CASE-DEMO-0466,CSE-POWER-002,CASE-DEMO-0466,ALRT-002326,primary
CAL-CASE-DEMO-0467,CSE-FINANCE-001,CASE-DEMO-0467,ALRT-002331,primary
CAL-CASE-DEMO-0468,CSE-TELECOM-001,CASE-DEMO-0468,ALRT-002336,primary
CAL-CASE-DEMO-0469,CSE-POWER-001,CASE-DEMO-0469,ALRT-002341,primary
CAL-CASE-DEMO-0470,CSE-FINANCE-002,CASE-DEMO-0470,ALRT-002346,primary
CAL-CASE-DEMO-0471,CSE-TELECOM-002,CASE-DEMO-0471,ALRT-002351,primary
CAL-CASE-DEMO-0472,CSE-POWER-002,CASE-DEMO-0472,ALRT-002356,primary
CAL-CASE-DEMO-0473,CSE-FINANCE-001,CASE-DEMO-0473,ALRT-002361,primary
CAL-CASE-DEMO-0474,CSE-TELECOM-001,CASE-DEMO-0474,ALRT-002366,primary
CAL-CASE-DEMO-0475,CSE-POWER-001,CASE-DEMO-0475,ALRT-002371,primary
CAL-CASE-DEMO-0476,CSE-FINANCE-002,CASE-DEMO-0476,ALRT-002376,primary
CAL-CASE-DEMO-0477,CSE-TELECOM-002,CASE-DEMO-0477,ALRT-002381,primary
CAL-CASE-DEMO-0478,CSE-POWER-002,CASE-DEMO-0478,ALRT-002386,primary
CAL-CASE-DEMO-0479,CSE-FINANCE-001,CASE-DEMO-0479,ALRT-002391,primary
CAL-CASE-DEMO-0480,CSE-TELECOM-001,CASE-DEMO-0480,ALRT-002396,primary
CAL-CASE-DEMO-0481,CSE-POWER-001,CASE-DEMO-0481,ALRT-002401,primary
CAL-CASE-DEMO-0482,CSE-FINANCE-002,CASE-DEMO-0482,ALRT-002406,primary
CAL-CASE-DEMO-0483,CSE-TELECOM-002,CASE-DEMO-0483,ALRT-002411,primary
CAL-CASE-DEMO-0484,CSE-POWER-002,CASE-DEMO-0484,ALRT-002416,primary
CAL-CASE-DEMO-0485,CSE-FINANCE-001,CASE-DEMO-0485,ALRT-002421,primary
CAL-CASE-DEMO-0486,CSE-TELECOM-001,CASE-DEMO-0486,ALRT-002426,primary
CAL-CASE-DEMO-0487,CSE-POWER-001,CASE-DEMO-0487,ALRT-002431,primary
CAL-CASE-DEMO-0488,CSE-FINANCE-002,CASE-DEMO-0488,ALRT-002436,primary
CAL-CASE-DEMO-0489,CSE-TELECOM-002,CASE-DEMO-0489,ALRT-002441,primary
CAL-CASE-DEMO-0490,CSE-POWER-002,CASE-DEMO-0490,ALRT-002446,primary
CAL-CASE-DEMO-0491,CSE-FINANCE-001,CASE-DEMO-0491,ALRT-002451,primary
CAL-CASE-DEMO-0492,CSE-TELECOM-001,CASE-DEMO-0492,ALRT-002456,primary
CAL-CASE-DEMO-0493,CSE-POWER-001,CASE-DEMO-0493,ALRT-002461,primary
CAL-CASE-DEMO-0494,CSE-FINANCE-002,CASE-DEMO-0494,ALRT-002466,primary
CAL-CASE-DEMO-0495,CSE-TELECOM-002,CASE-DEMO-0495,ALRT-002471,primary
CAL-CASE-DEMO-0496,CSE-POWER-002,CASE-DEMO-0496,ALRT-002476,primary
CAL-CASE-DEMO-0497,CSE-FINANCE-001,CASE-DEMO-0497,ALRT-002481,primary
CAL-CASE-DEMO-0498,CSE-TELECOM-001,CASE-DEMO-0498,ALRT-002486,primary
CAL-CASE-DEMO-0499,CSE-POWER-001,CASE-DEMO-0499,ALRT-002491,primary
CAL-CASE-DEMO-0500,CSE-FINANCE-002,CASE-DEMO-0500,ALRT-002496,primary
CAL-CASE-DEMO-0501,CSE-TELECOM-002,CASE-DEMO-0501,ALRT-002501,primary
CAL-CASE-DEMO-0502,CSE-POWER-002,CASE-DEMO-0502,ALRT-002506,primary
CAL-CASE-DEMO-0503,CSE-FINANCE-001,CASE-DEMO-0503,ALRT-002511,primary
CAL-CASE-DEMO-0504,CSE-TELECOM-001,CASE-DEMO-0504,ALRT-002516,primary
CAL-CASE-DEMO-0505,CSE-POWER-001,CASE-DEMO-0505,ALRT-002521,primary
CAL-CASE-DEMO-0506,CSE-FINANCE-002,CASE-DEMO-0506,ALRT-002526,primary
CAL-CASE-DEMO-0507,CSE-TELECOM-002,CASE-DEMO-0507,ALRT-002531,primary
CAL-CASE-DEMO-0508,CSE-POWER-002,CASE-DEMO-0508,ALRT-002536,primary
CAL-CASE-DEMO-0509,CSE-FINANCE-001,CASE-DEMO-0509,ALRT-002541,primary
CAL-CASE-DEMO-0510,CSE-TELECOM-001,CASE-DEMO-0510,ALRT-002546,primary
CAL-CASE-DEMO-0511,CSE-POWER-001,CASE-DEMO-0511,ALRT-002551,primary
CAL-CASE-DEMO-0512,CSE-FINANCE-002,CASE-DEMO-0512,ALRT-002556,primary
CAL-CASE-DEMO-0513,CSE-TELECOM-002,CASE-DEMO-0513,ALRT-002561,primary
CAL-CASE-DEMO-0514,CSE-POWER-002,CASE-DEMO-0514,ALRT-002566,primary
CAL-CASE-DEMO-0515,CSE-FINANCE-001,CASE-DEMO-0515,ALRT-002571,primary
CAL-CASE-DEMO-0516,CSE-TELECOM-001,CASE-DEMO-0516,ALRT-002576,primary
CAL-CASE-DEMO-0517,CSE-POWER-001,CASE-DEMO-0517,ALRT-002581,primary
CAL-CASE-DEMO-0518,CSE-FINANCE-002,CASE-DEMO-0518,ALRT-002586,primary
CAL-CASE-DEMO-0519,CSE-TELECOM-002,CASE-DEMO-0519,ALRT-002591,primary
CAL-CASE-DEMO-0520,CSE-POWER-002,CASE-DEMO-0520,ALRT-002596,primary
CAL-CASE-DEMO-0521,CSE-FINANCE-001,CASE-DEMO-0521,ALRT-002601,primary
CAL-CASE-DEMO-0522,CSE-TELECOM-001,CASE-DEMO-0522,ALRT-002606,primary
CAL-CASE-DEMO-0523,CSE-POWER-001,CASE-DEMO-0523,ALRT-002611,primary
CAL-CASE-DEMO-0524,CSE-FINANCE-002,CASE-DEMO-0524,ALRT-002616,primary
CAL-CASE-DEMO-0525,CSE-TELECOM-002,CASE-DEMO-0525,ALRT-002621,primary
CAL-CASE-DEMO-0526,CSE-POWER-002,CASE-DEMO-0526,ALRT-002626,primary
CAL-CASE-DEMO-0527,CSE-FINANCE-001,CASE-DEMO-0527,ALRT-002631,primary
CAL-CASE-DEMO-0528,CSE-TELECOM-001,CASE-DEMO-0528,ALRT-002636,primary
CAL-CASE-DEMO-0529,CSE-POWER-001,CASE-DEMO-0529,ALRT-002641,primary
CAL-CASE-DEMO-0530,CSE-FINANCE-002,CASE-DEMO-0530,ALRT-002646,primary
CAL-CASE-DEMO-0531,CSE-TELECOM-002,CASE-DEMO-0531,ALRT-002651,primary
CAL-CASE-DEMO-0532,CSE-POWER-002,CASE-DEMO-0532,ALRT-002656,primary
CAL-CASE-DEMO-0533,CSE-FINANCE-001,CASE-DEMO-0533,ALRT-002661,primary
CAL-CASE-DEMO-0534,CSE-TELECOM-001,CASE-DEMO-0534,ALRT-002666,primary
CAL-CASE-DEMO-0535,CSE-POWER-001,CASE-DEMO-0535,ALRT-002671,primary
CAL-CASE-DEMO-0536,CSE-FINANCE-002,CASE-DEMO-0536,ALRT-002676,primary
CAL-CASE-DEMO-0537,CSE-TELECOM-002,CASE-DEMO-0537,ALRT-002681,primary
CAL-CASE-DEMO-0538,CSE-POWER-002,CASE-DEMO-0538,ALRT-002686,primary
CAL-CASE-DEMO-0539,CSE-FINANCE-001,CASE-DEMO-0539,ALRT-002691,primary
CAL-CASE-DEMO-0540,CSE-TELECOM-001,CASE-DEMO-0540,ALRT-002696,primary
CAL-CASE-DEMO-0541,CSE-POWER-001,CASE-DEMO-0541,ALRT-002701,primary
CAL-CASE-DEMO-0542,CSE-FINANCE-002,CASE-DEMO-0542,ALRT-002706,primary
CAL-CASE-DEMO-0543,CSE-TELECOM-002,CASE-DEMO-0543,ALRT-002711,primary
CAL-CASE-DEMO-0544,CSE-POWER-002,CASE-DEMO-0544,ALRT-002716,primary
CAL-CASE-DEMO-0545,CSE-FINANCE-001,CASE-DEMO-0545,ALRT-002721,primary
CAL-CASE-DEMO-0546,CSE-TELECOM-001,CASE-DEMO-0546,ALRT-002726,primary
CAL-CASE-DEMO-0547,CSE-POWER-001,CASE-DEMO-0547,ALRT-002731,primary
CAL-CASE-DEMO-0548,CSE-FINANCE-002,CASE-DEMO-0548,ALRT-002736,primary
CAL-CASE-DEMO-0549,CSE-TELECOM-002,CASE-DEMO-0549,ALRT-002741,primary
CAL-CASE-DEMO-0550,CSE-POWER-002,CASE-DEMO-0550,ALRT-002746,primary
CAL-CASE-DEMO-0551,CSE-FINANCE-001,CASE-DEMO-0551,ALRT-002751,primary
CAL-CASE-DEMO-0552,CSE-TELECOM-001,CASE-DEMO-0552,ALRT-002756,primary
CAL-CASE-DEMO-0553,CSE-POWER-001,CASE-DEMO-0553,ALRT-002761,primary
CAL-CASE-DEMO-0554,CSE-FINANCE-002,CASE-DEMO-0554,ALRT-002766,primary
CAL-CASE-DEMO-0555,CSE-TELECOM-002,CASE-DEMO-0555,ALRT-002771,primary
CAL-CASE-DEMO-0556,CSE-POWER-002,CASE-DEMO-0556,ALRT-002776,primary
CAL-CASE-DEMO-0557,CSE-FINANCE-001,CASE-DEMO-0557,ALRT-002781,primary
CAL-CASE-DEMO-0558,CSE-TELECOM-001,CASE-DEMO-0558,ALRT-002786,primary
CAL-CASE-DEMO-0559,CSE-POWER-001,CASE-DEMO-0559,ALRT-002791,primary
CAL-CASE-DEMO-0560,CSE-FINANCE-002,CASE-DEMO-0560,ALRT-002796,primary
CAL-CASE-DEMO-0561,CSE-TELECOM-002,CASE-DEMO-0561,ALRT-002801,primary
CAL-CASE-DEMO-0562,CSE-POWER-002,CASE-DEMO-0562,ALRT-002806,primary
CAL-CASE-DEMO-0563,CSE-FINANCE-001,CASE-DEMO-0563,ALRT-002811,primary
CAL-CASE-DEMO-0564,CSE-TELECOM-001,CASE-DEMO-0564,ALRT-002816,primary
CAL-CASE-DEMO-0565,CSE-POWER-001,CASE-DEMO-0565,ALRT-002821,primary
CAL-CASE-DEMO-0566,CSE-FINANCE-002,CASE-DEMO-0566,ALRT-002826,primary
CAL-CASE-DEMO-0567,CSE-TELECOM-002,CASE-DEMO-0567,ALRT-002831,primary
CAL-CASE-DEMO-0568,CSE-POWER-002,CASE-DEMO-0568,ALRT-002836,primary
CAL-CASE-DEMO-0569,CSE-FINANCE-001,CASE-DEMO-0569,ALRT-002841,primary
CAL-CASE-DEMO-0570,CSE-TELECOM-001,CASE-DEMO-0570,ALRT-002846,primary
CAL-CASE-DEMO-0571,CSE-POWER-001,CASE-DEMO-0571,ALRT-002851,primary
CAL-CASE-DEMO-0572,CSE-FINANCE-002,CASE-DEMO-0572,ALRT-002856,primary
CAL-CASE-DEMO-0573,CSE-TELECOM-002,CASE-DEMO-0573,ALRT-002861,primary
CAL-CASE-DEMO-0574,CSE-POWER-002,CASE-DEMO-0574,ALRT-002866,primary
CAL-CASE-DEMO-0575,CSE-FINANCE-001,CASE-DEMO-0575,ALRT-002871,primary
CAL-CASE-DEMO-0576,CSE-TELECOM-001,CASE-DEMO-0576,ALRT-002876,primary
CAL-CASE-DEMO-0577,CSE-POWER-001,CASE-DEMO-0577,ALRT-002881,primary
CAL-CASE-DEMO-0578,CSE-FINANCE-002,CASE-DEMO-0578,ALRT-002886,primary
CAL-CASE-DEMO-0579,CSE-TELECOM-002,CASE-DEMO-0579,ALRT-002891,primary
CAL-CASE-DEMO-0580,CSE-POWER-002,CASE-DEMO-0580,ALRT-002896,primary
CAL-CASE-DEMO-0581,CSE-FINANCE-001,CASE-DEMO-0581,ALRT-002901,primary
CAL-CASE-DEMO-0582,CSE-TELECOM-001,CASE-DEMO-0582,ALRT-002906,primary
CAL-CASE-DEMO-0583,CSE-POWER-001,CASE-DEMO-0583,ALRT-002911,primary
CAL-CASE-DEMO-0584,CSE-FINANCE-002,CASE-DEMO-0584,ALRT-002916,primary
CAL-CASE-DEMO-0585,CSE-TELECOM-002,CASE-DEMO-0585,ALRT-002921,primary
CAL-CASE-DEMO-0586,CSE-POWER-002,CASE-DEMO-0586,ALRT-002926,primary
CAL-CASE-DEMO-0587,CSE-FINANCE-001,CASE-DEMO-0587,ALRT-002931,primary
CAL-CASE-DEMO-0588,CSE-TELECOM-001,CASE-DEMO-0588,ALRT-002936,primary
CAL-CASE-DEMO-0589,CSE-POWER-001,CASE-DEMO-0589,ALRT-002941,primary
CAL-CASE-DEMO-0590,CSE-FINANCE-002,CASE-DEMO-0590,ALRT-002946,primary
CAL-CASE-DEMO-0591,CSE-TELECOM-002,CASE-DEMO-0591,ALRT-002951,primary
CAL-CASE-DEMO-0592,CSE-POWER-002,CASE-DEMO-0592,ALRT-002956,primary
CAL-CASE-DEMO-0593,CSE-FINANCE-001,CASE-DEMO-0593,ALRT-002961,primary
CAL-CASE-DEMO-0594,CSE-TELECOM-001,CASE-DEMO-0594,ALRT-002966,primary
CAL-CASE-DEMO-0595,CSE-POWER-001,CASE-DEMO-0595,ALRT-002971,primary
CAL-CASE-DEMO-0596,CSE-FINANCE-002,CASE-DEMO-0596,ALRT-002976,primary
CAL-CASE-DEMO-0597,CSE-TELECOM-002,CASE-DEMO-0597,ALRT-002981,primary
CAL-CASE-DEMO-0598,CSE-POWER-002,CASE-DEMO-0598,ALRT-002986,primary
CAL-CASE-DEMO-0599,CSE-FINANCE-001,CASE-DEMO-0599,ALRT-002991,primary
CAL-CASE-DEMO-0600,CSE-TELECOM-001,CASE-DEMO-0600,ALRT-002996,primary
