case_id,cse_id,alert_id,asset_id,opened_at,closed_at,status,severity,closure_reason,team_id
CASE-DEMO-0001,CSE-POWER-001,ALRT-000001,CSE-POWER-001-A001,2026-06-18T22:15:00Z,2026-06-18T22:36:00Z,closed,critical,resolved,CSE-POWER-001-TEAM
CASE-DEMO-0002,CSE-FINANCE-002,ALRT-000006,CSE-FINANCE-002-A009,2026-06-18T08:30:00Z,2026-06-19T10:48:13.526186Z,closed,high,review completed,CSE-FINANCE-002-TEAM
CASE-DEMO-0003,CSE-TELECOM-002,ALRT-000011,CSE-TELECOM-002-A008,2026-08-30T19:09:00Z,2026-08-31T07:30:22.364436Z,closed,high,review completed,CSE-TELECOM-002-TEAM
CASE-DEMO-0004,CSE-POWER-002,ALRT-000016,CSE-POWER-002-A009,2026-08-24T11:51:00Z,2026-08-25T03:37:53.613991Z,closed,high,review completed,CSE-POWER-002-TEAM
CASE-DEMO-0005,CSE-FINANCE-001,ALRT-000021,CSE-FINANCE-001-A006,2026-08-01T08:55:00Z,2026-08-02T09:01:54.044414Z,closed,high,review completed,CSE-FINANCE-001-TEAM
CASE-DEMO-0006,CSE-TELECOM-001,ALRT-000026,CSE-TELECOM-001-A006,2026-06-11T21:34:00Z,2026-06-13T00:00:07.299227Z,closed,high,review completed,CSE-TELECOM-001-TEAM
CASE-DEMO-0007,CSE-POWER-001,ALRT-000031,CSE-POWER-001-A004,2026-06-16T15:12:00Z,2026-06-17T08:46:01.202288Z,closed,high,review completed,CSE-POWER-001-TEAM
CASE-DEMO-0008,CSE-FINANCE-002,ALRT-000036,CSE-FINANCE-002-A008,2026-08-23T01:23:00Z,2026-08-24T04:03:04.285092Z,closed,high,review completed,CSE-FINANCE-002-TEAM
CASE-DEMO-0009,CSE-TELECOM-002,ALRT-000041,CSE-TELECOM-002-A009,2026-08-26T07:36:00Z,2026-08-27T12:17:06.059380Z,closed,high,review completed,CSE-TELECOM-002-TEAM
CASE-DEMO-0010,CSE-POWER-002,ALRT-000046,CSE-POWER-002-A010,2026-07-29T11:57:00Z,2026-07-30T08:38:38.053122Z,closed,high,review completed,CSE-POWER-002-TEAM
CASE-DEMO-0011,CSE-FINANCE-001,ALRT-000051,CSE-FINANCE-001-A001,2026-07-09T19:01:00Z,2026-07-10T15:19:05.110449Z,closed,high,review completed,CSE-FINANCE-001-TEAM
CASE-DEMO-0012,CSE-TELECOM-001,ALRT-000056,CSE-TELECOM-001-A003,2026-06-20T08:23:00Z,2026-06-20T13:41:28.002600Z,closed,high,review completed,CSE-TELECOM-001-TEAM
CASE-DEMO-0013,CSE-POWER-001,ALRT-000061,CSE-POWER-001-A001,2026-08-15T12:05:00Z,2026-08-16T01:39:38.594981Z,closed,high,review completed,CSE-POWER-001-TEAM
CASE-DEMO-0014,CSE-FINANCE-002,ALRT-000066,CSE-FINANCE-002-A009,2026-08-31T07:09:00Z,2026-09-01T03:43:30.269661Z,closed,high,review completed,CSE-FINANCE-002-TEAM
CASE-DEMO-0015,CSE-TELECOM-002,ALRT-000071,CSE-TELECOM-002-A002,2026-07-24T16:27:00Z,2026-07-25T03:28:23.373099Z,closed,high,review completed,CSE-TELECOM-002-TEAM
CASE-DEMO-0016,CSE-POWER-002,ALRT-000076,CSE-POWER-002-A002,2026-06-17T21:26:00Z,2026-06-19T00:43:19.249158Z,closed,high,review completed,CSE-POWER-002-TEAM
CASE-DEMO-0017,CSE-FINANCE-001,ALRT-000081,CSE-FINANCE-001-A004,2026-08-29T11:09:00Z,2026-08-30T02:36:24.797878Z,closed,high,review completed,CSE-FINANCE-001-TEAM
CASE-DEMO-0018,CSE-TELECOM-001,ALRT-000086,CSE-TELECOM-001-A009,2026-07-06T17:30:00Z,2026-07-07T13:04:11.022344Z,closed,critical,review completed,CSE-TELECOM-001-TEAM
CASE-DEMO-0019,CSE-POWER-001,ALRT-000091,CSE-POWER-001-A005,2026-08-26T21:23:00Z,2026-08-27T11:32:33.073703Z,closed,high,review completed,CSE-POWER-001-TEAM
CASE-DEMO-0020,CSE-FINANCE-002,ALRT-000096,CSE-FINANCE-002-A001,2026-07-04T16:19:00Z,2026-07-04T21:49:45.835105Z,closed,high,review completed,CSE-FINANCE-002-TEAM
CASE-DEMO-0021,CSE-TELECOM-002,ALRT-000101,CSE-TELECOM-002-A004,2026-06-22T10:57:00Z,2026-06-23T15:27:58.335301Z,closed,high,review completed,CSE-TELECOM-002-TEAM
CASE-DEMO-0022,CSE-POWER-002,ALRT-000106,CSE-POWER-002-A004,2026-08-25T04:37:00Z,2026-08-26T07:38:16.764222Z,closed,high,review completed,CSE-POWER-002-TEAM
CASE-DEMO-0023,CSE-FINANCE-001,ALRT-000111,CSE-FINANCE-001-A001,2026-07-13T13:26:00Z,2026-07-14T12:18:35.585338Z,closed,high,review completed,CSE-FINANCE-001-TEAM
CASE-DEMO-0024,CSE-TELECOM-001,ALRT-000116,CSE-TELECOM-001-A001,2026-07-18T02:44:00Z,2026-07-19T02:34:13.650936Z,closed,high,review completed,CSE-TELECOM-001-TEAM
CASE-DEMO-0025,CSE-POWER-001,ALRT-000121,CSE-POWER-001-A004,2026-06-11T05:59:00Z,2026-06-11T20:41:10.075232Z,closed,high,review completed,CSE-POWER-001-TEAM
CASE-DEMO-0026,CSE-FINANCE-002,ALRT-000126,CSE-FINANCE-002-A001,2026-08-08T03:28:00Z,2026-08-08T10:50:50.693927Z,closed,high,review completed,CSE-FINANCE-002-TEAM
CASE-DEMO-0027,CSE-TELECOM-002,ALRT-000131,CSE-TELECOM-002-A010,2026-06-09T22:33:00Z,2026-06-10T06:07:01.274973Z,closed,high,review completed,CSE-TELECOM-002-TEAM
CASE-DEMO-0028,CSE-POWER-002,ALRT-000136,CSE-POWER-002-A008,2026-06-14T08:20:00Z,2026-06-14T12:50:21.688622Z,closed,high,review completed,CSE-POWER-002-TEAM
CASE-DEMO-0029,CSE-FINANCE-001,ALRT-000141,CSE-FINANCE-001-A010,2026-08-26T04:10:00Z,2026-08-27T04:55:55.231147Z,closed,high,review completed,CSE-FINANCE-001-TEAM
CASE-DEMO-0030,CSE-TELECOM-001,ALRT-000146,CSE-TELECOM-001-A009,2026-06-03T19:56:00Z,2026-06-04T19:19:32.778622Z,closed,high,review completed,CSE-TELECOM-001-TEAM
CASE-DEMO-0031,CSE-POWER-001,ALRT-000151,CSE-POWER-001-A006,2026-06-07T04:54:00Z,2026-06-07T21:41:40.008221Z,closed,high,review completed,CSE-POWER-001-TEAM
CASE-DEMO-0032,CSE-FINANCE-002,ALRT-000156,CSE-FINANCE-002-A006,2026-06-07T02:49:00Z,2026-06-07T23:04:36.474649Z,closed,high,review completed,CSE-FINANCE-002-TEAM
CASE-DEMO-0033,CSE-TELECOM-002,ALRT-000161,CSE-TELECOM-002-A004,2026-08-20T01:06:00Z,2026-08-20T17:25:39.443586Z,closed,high,review completed,CSE-TELECOM-002-TEAM
CASE-DEMO-0034,CSE-POWER-002,ALRT-000166,CSE-POWER-002-A008,2026-06-26T19:14:00Z,2026-06-27T09:13:46.689806Z,closed,high,review completed,CSE-POWER-002-TEAM
CASE-DEMO-0035,CSE-FINANCE-001,ALRT-000171,CSE-FINANCE-001-A005,2026-06-11T09:19:00Z,2026-06-11T14:33:24.262771Z,closed,critical,review completed,CSE-FINANCE-001-TEAM
CASE-DEMO-0036,CSE-TELECOM-001,ALRT-000176,CSE-TELECOM-001-A008,2026-06-22T20:29:00Z,2026-06-23T04:40:06.961385Z,closed,high,review completed,CSE-TELECOM-001-TEAM
CASE-DEMO-0037,CSE-POWER-001,ALRT-000181,CSE-POWER-001-A001,2026-07-16T12:40:00Z,2026-07-17T10:50:52.638054Z,closed,high,review completed,CSE-POWER-001-TEAM
CASE-DEMO-0038,CSE-FINANCE-002,ALRT-000186,CSE-FINANCE-002-A004,2026-08-09T09:11:00Z,2026-08-10T04:49:48.310787Z,closed,high,review completed,CSE-FINANCE-002-TEAM
CASE-DEMO-0039,CSE-TELECOM-002,ALRT-000191,CSE-TELECOM-002-A009,2026-08-28T04:13:00Z,2026-08-29T04:12:48.989592Z,closed,high,review completed,CSE-TELECOM-002-TEAM
CASE-DEMO-0040,CSE-POWER-002,ALRT-000196,CSE-POWER-002-A001,2026-08-15T09:40:00Z,2026-08-15T20:31:07.893521Z,closed,high,review completed,CSE-POWER-002-TEAM
CASE-DEMO-0041,CSE-FINANCE-001,ALRT-000201,CSE-FINANCE-001-A004,2026-08-11T11:35:00Z,2026-08-12T01:54:45.305456Z,closed,high,review completed,CSE-FINANCE-001-TEAM
CASE-DEMO-0042,CSE-TELECOM-001,ALRT-000206,CSE-TELECOM-001-A002,2026-07-22T01:05:00Z,2026-07-22T18:42:24.662982Z,closed,high,review completed,CSE-TELECOM-001-TEAM
CASE-DEMO-0043,CSE-POWER-001,ALRT-000211,CSE-POWER-001-A005,2026-08-29T20:45:00Z,2026-08-30T14:37:18.972066Z,closed,high,review completed,CSE-POWER-001-TEAM
CASE-DEMO-0044,CSE-FINANCE-002,ALRT-000216,CSE-FINANCE-002-A003,2026-07-09T11:38:00Z,2026-07-09T17:22:45.997722Z,closed,high,review completed,CSE-FINANCE-002-TEAM
CASE-DEMO-0045,CSE-TELECOM-002,ALRT-000221,CSE-TELECOM-002-A008,2026-07-22T02:21:00Z,2026-07-22T11:25:37.134235Z,closed,high,review completed,CSE-TELECOM-002-TEAM
CASE-DEMO-0046,CSE-POWER-002,ALRT-000226,CSE-POWER-002-A003,2026-07-12T12:04:00Z,2026-07-12T21:20:09.579018Z,closed,high,review completed,CSE-POWER-002-TEAM
CASE-DEMO-0047,CSE-FINANCE-001,ALRT-000231,CSE-FINANCE-001-A008,2026-06-28T06:43:00Z,2026-06-28T16:45:05.786277Z,closed,high,review completed,CSE-FINANCE-001-TEAM
CASE-DEMO-0048,CSE-TELECOM-001,ALRT-000236,CSE-TELECOM-001-A006,2026-06-17T09:55:00Z,2026-06-18T14:17:05.822124Z,closed,high,review completed,CSE-TELECOM-001-TEAM
CASE-DEMO-0049,CSE-POWER-001,ALRT-000241,CSE-POWER-001-A007,2026-06-22T09:55:00Z,2026-06-23T14:43:32.488091Z,closed,high,review completed,CSE-POWER-001-TEAM
CASE-DEMO-0050,CSE-FINANCE-002,ALRT-000246,CSE-FINANCE-002-A010,2026-06-26T14:32:00Z,2026-06-27T02:42:09.134101Z,closed,high,review completed,CSE-FINANCE-002-TEAM
CASE-DEMO-0051,CSE-TELECOM-002,ALRT-000251,CSE-TELECOM-002-A001,2026-08-14T15:45:00Z,2026-08-15T14:20:16.410064Z,closed,high,review completed,CSE-TELECOM-002-TEAM
CASE-DEMO-0052,CSE-POWER-002,ALRT-000256,CSE-POWER-002-A009,2026-08-16T09:39:00Z,2026-08-16T18:06:08.858630Z,closed,critical,review completed,CSE-POWER-002-TEAM
CASE-DEMO-0053,CSE-FINANCE-001,ALRT-000261,CSE-FINANCE-001-A010,2026-07-06T01:40:00Z,2026-07-06T14:37:47.768861Z,closed,high,review completed,CSE-FINANCE-001-TEAM
CASE-DEMO-0054,CSE-TELECOM-001,ALRT-000266,CSE-TELECOM-001-A005,2026-06-04T23:07:00Z,2026-06-06T04:06:10.930446Z,closed,high,review completed,CSE-TELECOM-001-TEAM
CASE-DEMO-0055,CSE-POWER-001,ALRT-000271,CSE-POWER-001-A007,2026-07-22T07:42:00Z,2026-07-22T14:31:35.563721Z,closed,high,review completed,CSE-POWER-001-TEAM
CASE-DEMO-0056,CSE-FINANCE-002,ALRT-000276,CSE-FINANCE-002-A004,2026-07-21T21:45:00Z,2026-07-22T15:54:42.554880Z,closed,high,review completed,CSE-FINANCE-002-TEAM
CASE-DEMO-0057,CSE-TELECOM-002,ALRT-000281,CSE-TELECOM-002-A006,2026-07-07T08:51:00Z,2026-07-07T14:54:28.517613Z,closed,high,review completed,CSE-TELECOM-002-TEAM
CASE-DEMO-0058,CSE-POWER-002,ALRT-000286,CSE-POWER-002-A002,2026-06-04T13:06:00Z,2026-06-04T17:22:36.033418Z,closed,high,review completed,CSE-POWER-002-TEAM
CASE-DEMO-0059,CSE-FINANCE-001,ALRT-000291,CSE-FINANCE-001-A002,2026-08-19T04:24:00Z,2026-08-20T06:29:17.457512Z,closed,high,review completed,CSE-FINANCE-001-TEAM
CASE-DEMO-0060,CSE-TELECOM-001,ALRT-000296,CSE-TELECOM-001-A007,2026-07-22T10:03:00Z,2026-07-23T13:25:37.064552Z,closed,high,review completed,CSE-TELECOM-001-TEAM
CASE-DEMO-0061,CSE-POWER-001,ALRT-000301,CSE-POWER-001-A005,2026-06-16T01:04:00Z,2026-06-16T09:20:15.940837Z,closed,high,review completed,CSE-POWER-001-TEAM
CASE-DEMO-0062,CSE-FINANCE-002,ALRT-000306,CSE-FINANCE-002-A008,2026-07-28T12:54:00Z,2026-07-28T19:32:35.053709Z,closed,high,review completed,CSE-FINANCE-002-TEAM
CASE-DEMO-0063,CSE-TELECOM-002,ALRT-000311,CSE-TELECOM-002-A002,2026-07-31T09:41:00Z,2026-08-01T05:21:33.983291Z,closed,high,review completed,CSE-TELECOM-002-TEAM
CASE-DEMO-0064,CSE-POWER-002,ALRT-000316,CSE-POWER-002-A010,2026-07-03T15:24:00Z,2026-07-03T19:24:43.471792Z,closed,high,review completed,CSE-POWER-002-TEAM
CASE-DEMO-0065,CSE-FINANCE-001,ALRT-000321,CSE-FINANCE-001-A003,2026-08-16T07:59:00Z,2026-08-16T14:54:41.234574Z,closed,high,review completed,CSE-FINANCE-001-TEAM
CASE-DEMO-0066,CSE-TELECOM-001,ALRT-000326,CSE-TELECOM-001-A002,2026-06-17T15:38:00Z,2026-06-18T15:08:31.606694Z,closed,high,review completed,CSE-TELECOM-001-TEAM
CASE-DEMO-0067,CSE-POWER-001,ALRT-000331,CSE-POWER-001-A005,2026-06-21T13:10:00Z,2026-06-21T23:21:14.271015Z,closed,high,review completed,CSE-POWER-001-TEAM
CASE-DEMO-0068,CSE-FINANCE-002,ALRT-000336,CSE-FINANCE-002-A007,2026-08-30T15:44:00Z,2026-08-31T09:04:44.358501Z,closed,high,review completed,CSE-FINANCE-002-TEAM
CASE-DEMO-0069,CSE-TELECOM-002,ALRT-000341,CSE-TELECOM-002-A004,2026-06-27T03:33:00Z,2026-06-28T00:57:37.637268Z,closed,critical,review completed,CSE-TELECOM-002-TEAM
CASE-DEMO-0070,CSE-POWER-002,ALRT-000346,CSE-POWER-002-A001,2026-08-24T11:18:00Z,2026-08-24T18:44:28.547306Z,closed,high,review completed,CSE-POWER-002-TEAM
CASE-DEMO-0071,CSE-FINANCE-001,ALRT-000351,CSE-FINANCE-001-A010,2026-08-16T10:26:00Z,2026-08-17T03:19:22.020698Z,closed,high,review completed,CSE-FINANCE-001-TEAM
CASE-DEMO-0072,CSE-TELECOM-001,ALRT-000356,CSE-TELECOM-001-A010,2026-07-31T05:24:00Z,2026-08-01T00:18:33.576756Z,closed,high,review completed,CSE-TELECOM-001-TEAM
CASE-DEMO-0073,CSE-POWER-001,ALRT-000361,CSE-POWER-001-A004,2026-07-10T19:10:00Z,2026-07-11T08:08:08.744807Z,closed,high,review completed,CSE-POWER-001-TEAM
CASE-DEMO-0074,CSE-FINANCE-002,ALRT-000366,CSE-FINANCE-002-A004,2026-08-17T04:58:00Z,2026-08-17T12:07:10.330360Z,closed,high,review completed,CSE-FINANCE-002-TEAM
CASE-DEMO-0075,CSE-TELECOM-002,ALRT-000371,CSE-TELECOM-002-A007,2026-06-30T04:22:00Z,2026-06-30T14:02:28.548207Z,closed,high,review completed,CSE-TELECOM-002-TEAM
CASE-DEMO-0076,CSE-POWER-002,ALRT-000376,CSE-POWER-002-A001,2026-08-22T02:24:00Z,2026-08-22T08:19:57.852991Z,closed,high,review completed,CSE-POWER-002-TEAM
CASE-DEMO-0077,CSE-FINANCE-001,ALRT-000381,CSE-FINANCE-001-A002,2026-07-22T11:29:00Z,2026-07-23T08:50:53.206320Z,closed,high,review completed,CSE-FINANCE-001-TEAM
CASE-DEMO-0078,CSE-TELECOM-001,ALRT-000386,CSE-TELECOM-001-A006,2026-07-18T08:32:00Z,2026-07-18T20:14:53.755663Z,closed,high,review completed,CSE-TELECOM-001-TEAM
CASE-DEMO-0079,CSE-POWER-001,ALRT-000391,CSE-POWER-001-A004,2026-07-31T02:05:00Z,2026-07-31T12:57:46.435703Z,closed,high,review completed,CSE-POWER-001-TEAM
CASE-DEMO-0080,CSE-FINANCE-002,ALRT-000396,CSE-FINANCE-002-A008,2026-07-17T13:28:00Z,2026-07-17T18:44:43.641921Z,closed,high,review completed,CSE-FINANCE-002-TEAM
CASE-DEMO-0081,CSE-TELECOM-002,ALRT-000401,CSE-TELECOM-002-A009,2026-07-29T14:19:00Z,2026-07-30T19:18:31.861277Z,closed,high,review completed,CSE-TELECOM-002-TEAM
CASE-DEMO-0082,CSE-POWER-002,ALRT-000406,CSE-POWER-002-A003,2026-06-25T22:44:00Z,2026-06-27T01:12:42.626774Z,closed,high,review completed,CSE-POWER-002-TEAM
CASE-DEMO-0083,CSE-FINANCE-001,ALRT-000411,CSE-FINANCE-001-A009,2026-06-23T17:19:00Z,2026-06-24T05:42:54.921346Z,closed,high,review completed,CSE-FINANCE-001-TEAM
CASE-DEMO-0084,CSE-TELECOM-001,ALRT-000416,CSE-TELECOM-001-A010,2026-07-29T10:44:00Z,2026-07-29T18:23:43.665914Z,closed,high,review completed,CSE-TELECOM-001-TEAM
CASE-DEMO-0085,CSE-POWER-001,ALRT-000421,CSE-POWER-001-A004,2026-07-08T06:01:00Z,2026-07-08T20:18:07.087506Z,closed,high,review completed,CSE-POWER-001-TEAM
CASE-DEMO-0086,CSE-FINANCE-002,ALRT-000426,CSE-FINANCE-002-A006,2026-07-22T11:00:00Z,2026-07-23T04:16:01.142969Z,closed,critical,review completed,CSE-FINANCE-002-TEAM
CASE-DEMO-0087,CSE-TELECOM-002,ALRT-000431,CSE-TELECOM-002-A003,2026-06-29T09:30:00Z,2026-06-30T14:48:00.154143Z,closed,high,review completed,CSE-TELECOM-002-TEAM
CASE-DEMO-0088,CSE-POWER-002,ALRT-000436,CSE-POWER-002-A005,2026-08-12T15:02:00Z,2026-08-12T21:29:26.720370Z,closed,high,review completed,CSE-POWER-002-TEAM
CASE-DEMO-0089,CSE-FINANCE-001,ALRT-000441,CSE-FINANCE-001-A001,2026-06-18T08:31:00Z,2026-06-18T19:40:36.670792Z,closed,high,review completed,CSE-FINANCE-001-TEAM
CASE-DEMO-0090,CSE-TELECOM-001,ALRT-000446,CSE-TELECOM-001-A003,2026-07-13T14:56:00Z,2026-07-14T20:48:05.340558Z,closed,high,review completed,CSE-TELECOM-001-TEAM
CASE-DEMO-0091,CSE-POWER-001,ALRT-000451,CSE-POWER-001-A010,2026-06-24T17:20:00Z,2026-06-25T03:28:57.102800Z,closed,high,review completed,CSE-POWER-001-TEAM
CASE-DEMO-0092,CSE-FINANCE-002,ALRT-000456,CSE-FINANCE-002-A002,2026-06-30T04:32:00Z,2026-06-30T13:51:37.733563Z,closed,high,review completed,CSE-FINANCE-002-TEAM
CASE-DEMO-0093,CSE-TELECOM-002,ALRT-000461,CSE-TELECOM-002-A003,2026-07-29T19:33:00Z,2026-07-30T06:03:11.787601Z,closed,high,review completed,CSE-TELECOM-002-TEAM
CASE-DEMO-0094,CSE-POWER-002,ALRT-000466,CSE-POWER-002-A008,2026-07-28T01:12:00Z,2026-07-28T07:50:31.205123Z,closed,high,review completed,CSE-POWER-002-TEAM
CASE-DEMO-0095,CSE-FINANCE-001,ALRT-000471,CSE-FINANCE-001-A003,2026-08-27T11:01:00Z,2026-08-28T03:14:49.255393Z,closed,high,review completed,CSE-FINANCE-001-TEAM
CASE-DEMO-0096,CSE-TELECOM-001,ALRT-000476,CSE-TELECOM-001-A005,2026-06-24T17:00:00Z,2026-06-24T23:48:55.253015Z,closed,high,review completed,CSE-TELECOM-001-TEAM
CASE-DEMO-0097,CSE-POWER-001,ALRT-000481,CSE-POWER-001-A002,2026-08-01T03:33:00Z,2026-08-01T11:14:09.975781Z,closed,high,review completed,CSE-POWER-001-TEAM
CASE-DEMO-0098,CSE-FINANCE-002,ALRT-000486,CSE-FINANCE-002-A007,2026-06-27T02:57:00Z,2026-06-27T18:59:35.995701Z,closed,high,review completed,CSE-FINANCE-002-TEAM
CASE-DEMO-0099,CSE-TELECOM-002,ALRT-000491,CSE-TELECOM-002-A004,2026-08-18T12:07:00Z,2026-08-19T12:40:51.686720Z,closed,high,review completed,CSE-TELECOM-002-TEAM
CASE-DEMO-0100,CSE-POWER-002,ALRT-000496,CSE-POWER-002-A002,2026-06-18T08:31:00Z,2026-06-19T05:51:57.066966Z,closed,high,review completed,CSE-POWER-002-TEAM
CASE-DEMO-0101,CSE-FINANCE-001,ALRT-000501,CSE-FINANCE-001-A002,2026-08-26T16:49:00Z,2026-08-27T01:14:41.782874Z,closed,high,review completed,CSE-FINANCE-001-TEAM
CASE-DEMO-0102,CSE-TELECOM-001,ALRT-000506,CSE-TELECOM-001-A007,2026-07-29T14:02:00Z,2026-07-29T22:53:10.283191Z,closed,high,review completed,CSE-TELECOM-001-TEAM
CASE-DEMO-0103,CSE-POWER-001,ALRT-000511,CSE-POWER-001-A008,2026-08-13T05:32:00Z,2026-08-13T09:53:51.665485Z,closed,critical,review completed,CSE-POWER-001-TEAM
CASE-DEMO-0104,CSE-FINANCE-002,ALRT-000516,CSE-FINANCE-002-A001,2026-08-22T10:24:00Z,2026-08-22T18:35:54.241324Z,closed,high,review completed,CSE-FINANCE-002-TEAM
CASE-DEMO-0105,CSE-TELECOM-002,ALRT-000521,CSE-TELECOM-002-A009,2026-07-14T01:29:00Z,2026-07-14T07:52:56.335395Z,closed,high,review completed,CSE-TELECOM-002-TEAM
CASE-DEMO-0106,CSE-POWER-002,ALRT-000526,CSE-POWER-002-A006,2026-08-05T16:51:00Z,2026-08-06T09:37:51.450861Z,closed,high,review completed,CSE-POWER-002-TEAM
CASE-DEMO-0107,CSE-FINANCE-001,ALRT-000531,CSE-FINANCE-001-A010,2026-06-14T22:54:00Z,2026-06-16T00:14:11.423706Z,closed,high,review completed,CSE-FINANCE-001-TEAM
CASE-DEMO-0108,CSE-TELECOM-001,ALRT-000536,CSE-TELECOM-001-A006,2026-06-28T13:25:00Z,2026-06-29T07:21:32.438047Z,closed,high,review completed,CSE-TELECOM-001-TEAM
CASE-DEMO-0109,CSE-POWER-001,ALRT-000541,CSE-POWER-001-A010,2026-08-22T01:33:00Z,2026-08-22T10:17:31.892077Z,closed,high,review completed,CSE-POWER-001-TEAM
CASE-DEMO-0110,CSE-FINANCE-002,ALRT-000546,CSE-FINANCE-002-A007,2026-07-03T03:09:00Z,2026-07-03T23:29:05.662797Z,closed,high,review completed,CSE-FINANCE-002-TEAM
CASE-DEMO-0111,CSE-TELECOM-002,ALRT-000551,CSE-TELECOM-002-A001,2026-08-04T00:03:00Z,2026-08-04T10:50:18.807093Z,closed,high,review completed,CSE-TELECOM-002-TEAM
CASE-DEMO-0112,CSE-POWER-002,ALRT-000556,CSE-POWER-002-A009,2026-07-05T15:56:00Z,2026-07-06T20:07:42.806603Z,closed,high,review completed,CSE-POWER-002-TEAM
CASE-DEMO-0113,CSE-FINANCE-001,ALRT-000561,CSE-FINANCE-001-A010,2026-06-10T15:34:00Z,2026-06-11T06:28:59.619103Z,closed,high,review completed,CSE-FINANCE-001-TEAM
CASE-DEMO-0114,CSE-TELECOM-001,ALRT-000566,CSE-TELECOM-001-A009,2026-07-22T09:40:00Z,2026-07-23T04:33:07.852412Z,closed,high,review completed,CSE-TELECOM-001-TEAM
CASE-DEMO-0115,CSE-POWER-001,ALRT-000571,CSE-POWER-001-A001,2026-07-08T02:52:00Z,2026-07-08T15:42:36.875075Z,closed,high,review completed,CSE-POWER-001-TEAM
CASE-DEMO-0116,CSE-FINANCE-002,ALRT-000576,CSE-FINANCE-002-A003,2026-08-22T14:50:00Z,2026-08-23T16:24:24.357093Z,closed,high,review completed,CSE-FINANCE-002-TEAM
CASE-DEMO-0117,CSE-TELECOM-002,ALRT-000581,CSE-TELECOM-002-A008,2026-08-03T23:08:00Z,2026-08-04T23:31:39.329444Z,closed,high,review completed,CSE-TELECOM-002-TEAM
CASE-DEMO-0118,CSE-POWER-002,ALRT-000586,CSE-POWER-002-A010,2026-08-22T07:58:00Z,2026-08-23T05:49:22.536429Z,closed,high,review completed,CSE-POWER-002-TEAM
CASE-DEMO-0119,CSE-FINANCE-001,ALRT-000591,CSE-FINANCE-001-A008,2026-08-28T15:07:00Z,2026-08-29T06:30:10.341874Z,closed,high,review completed,CSE-FINANCE-001-TEAM
CASE-DEMO-0120,CSE-TELECOM-001,ALRT-000596,CSE-TELECOM-001-A001,2026-07-10T08:15:00Z,2026-07-11T07:57:17.423455Z,closed,critical,review completed,CSE-TELECOM-001-TEAM
CASE-DEMO-0121,CSE-POWER-001,ALRT-000601,CSE-POWER-001-A009,2026-06-10T01:21:00Z,2026-06-11T03:52:52.218622Z,closed,high,review completed,CSE-POWER-001-TEAM
CASE-DEMO-0122,CSE-FINANCE-002,ALRT-000606,CSE-FINANCE-002-A003,2026-08-06T15:59:00Z,2026-08-07T02:00:20.455401Z,closed,high,review completed,CSE-FINANCE-002-TEAM
CASE-DEMO-0123,CSE-TELECOM-002,ALRT-000611,CSE-TELECOM-002-A010,2026-07-06T16:20:00Z,2026-07-07T17:43:10.130032Z,closed,high,review completed,CSE-TELECOM-002-TEAM
CASE-DEMO-0124,CSE-POWER-002,ALRT-000616,CSE-POWER-002-A008,2026-07-28T03:57:00Z,2026-07-28T14:16:07.551123Z,closed,high,review completed,CSE-POWER-002-TEAM
CASE-DEMO-0125,CSE-FINANCE-001,ALRT-000621,CSE-FINANCE-001-A010,2026-08-26T18:13:00Z,2026-08-27T01:12:22.639512Z,closed,high,review completed,CSE-FINANCE-001-TEAM
CASE-DEMO-0126,CSE-TELECOM-001,ALRT-000626,CSE-TELECOM-001-A006,2026-06-22T00:05:00Z,2026-06-22T17:28:52.109247Z,closed,high,review completed,CSE-TELECOM-001-TEAM
CASE-DEMO-0127,CSE-POWER-001,ALRT-000631,CSE-POWER-001-A009,2026-08-19T12:05:00Z,2026-08-20T06:12:52.700117Z,closed,high,review completed,CSE-POWER-001-TEAM
CASE-DEMO-0128,CSE-FINANCE-002,ALRT-000636,CSE-FINANCE-002-A005,2026-08-29T19:08:00Z,2026-08-31T01:01:37.650093Z,closed,high,review completed,CSE-FINANCE-002-TEAM
CASE-DEMO-0129,CSE-TELECOM-002,ALRT-000641,CSE-TELECOM-002-A002,2026-06-08T16:21:00Z,2026-06-09T06:58:08.595671Z,closed,high,review completed,CSE-TELECOM-002-TEAM
CASE-DEMO-0130,CSE-POWER-002,ALRT-000646,CSE-POWER-002-A004,2026-08-08T13:18:00Z,2026-08-09T02:06:00.911134Z,closed,high,review completed,CSE-POWER-002-TEAM
CASE-DEMO-0131,CSE-FINANCE-001,ALRT-000651,CSE-FINANCE-001-A009,2026-06-05T03:47:00Z,2026-06-05T22:39:59.014032Z,closed,high,review completed,CSE-FINANCE-001-TEAM
CASE-DEMO-0132,CSE-TELECOM-001,ALRT-000656,CSE-TELECOM-001-A002,2026-07-28T17:01:00Z,2026-07-29T08:42:26.609967Z,closed,high,review completed,CSE-TELECOM-001-TEAM
CASE-DEMO-0133,CSE-POWER-001,ALRT-000661,CSE-POWER-001-A004,2026-06-17T00:44:00Z,2026-06-17T23:56:30.319825Z,closed,high,review completed,CSE-POWER-001-TEAM
CASE-DEMO-0134,CSE-FINANCE-002,ALRT-000666,CSE-FINANCE-002-A003,2026-06-22T23:44:00Z,2026-06-23T16:32:48.521806Z,closed,high,review completed,CSE-FINANCE-002-TEAM
CASE-DEMO-0135,CSE-TELECOM-002,ALRT-000671,CSE-TELECOM-002-A010,2026-08-12T09:02:00Z,2026-08-13T07:18:23.888536Z,closed,high,review completed,CSE-TELECOM-002-TEAM
CASE-DEMO-0136,CSE-POWER-002,ALRT-000676,CSE-POWER-002-A008,2026-08-31T13:01:00Z,2026-09-01T07:10:34.406613Z,closed,high,review completed,CSE-POWER-002-TEAM
CASE-DEMO-0137,CSE-FINANCE-001,ALRT-000681,CSE-FINANCE-001-A008,2026-06-23T19:13:00Z,2026-06-24T15:46:10.454573Z,closed,critical,review completed,CSE-FINANCE-001-TEAM
CASE-DEMO-0138,CSE-TELECOM-001,ALRT-000686,CSE-TELECOM-001-A006,2026-08-28T05:11:00Z,2026-08-28T19:39:20.338546Z,closed,high,review completed,CSE-TELECOM-001-TEAM
CASE-DEMO-0139,CSE-POWER-001,ALRT-000691,CSE-POWER-001-A009,2026-08-19T21:06:00Z,2026-08-21T01:12:17.067246Z,closed,high,review completed,CSE-POWER-001-TEAM
CASE-DEMO-0140,CSE-FINANCE-002,ALRT-000696,CSE-FINANCE-002-A003,2026-08-24T11:21:00Z,2026-08-24T18:26:37.928451Z,closed,high,review completed,CSE-FINANCE-002-TEAM
CASE-DEMO-0141,CSE-TELECOM-002,ALRT-000701,CSE-TELECOM-002-A009,2026-07-26T07:08:00Z,2026-07-26T23:34:10.869189Z,closed,high,review completed,CSE-TELECOM-002-TEAM
CASE-DEMO-0142,CSE-POWER-002,ALRT-000706,CSE-POWER-002-A001,2026-08-26T20:09:00Z,2026-08-26T20:30:00Z,closed,critical,resolved,CSE-POWER-002-TEAM
CASE-DEMO-0143,CSE-FINANCE-001,ALRT-000711,CSE-FINANCE-001-A008,2026-08-24T06:56:00Z,2026-08-24T12:31:17.925251Z,closed,high,review completed,CSE-FINANCE-001-TEAM
CASE-DEMO-0144,CSE-TELECOM-001,ALRT-000716,CSE-TELECOM-001-A009,2026-08-12T09:33:00Z,2026-08-13T11:56:00.617909Z,closed,high,review completed,CSE-TELECOM-001-TEAM
CASE-DEMO-0145,CSE-POWER-001,ALRT-000721,CSE-POWER-001-A002,2026-06-09T20:07:00Z,2026-06-10T13:01:29.068143Z,closed,high,review completed,CSE-POWER-001-TEAM
CASE-DEMO-0146,CSE-FINANCE-002,ALRT-000726,CSE-FINANCE-002-A007,2026-08-08T23:15:00Z,2026-08-10T02:39:29.251510Z,closed,high,review completed,CSE-FINANCE-002-TEAM
CASE-DEMO-0147,CSE-TELECOM-002,ALRT-000731,CSE-TELECOM-002-A006,2026-08-28T16:25:00Z,2026-08-29T09:53:30.762323Z,closed,high,review completed,CSE-TELECOM-002-TEAM
CASE-DEMO-0148,CSE-POWER-002,ALRT-000736,CSE-POWER-002-A009,2026-06-18T22:13:00Z,2026-06-19T23:12:51.890014Z,closed,high,review completed,CSE-POWER-002-TEAM
CASE-DEMO-0149,CSE-FINANCE-001,ALRT-000741,CSE-FINANCE-001-A005,2026-07-20T09:18:00Z,2026-07-21T11:39:45.458985Z,closed,high,review completed,CSE-FINANCE-001-TEAM
CASE-DEMO-0150,CSE-TELECOM-001,ALRT-000746,CSE-TELECOM-001-A005,2026-08-14T14:57:00Z,2026-08-14T19:21:07.227059Z,closed,high,review completed,CSE-TELECOM-001-TEAM
CASE-DEMO-0151,CSE-POWER-001,ALRT-000751,CSE-POWER-001-A004,2026-07-23T10:34:00Z,2026-07-24T10:26:40.572465Z,closed,high,review completed,CSE-POWER-001-TEAM
CASE-DEMO-0152,CSE-FINANCE-002,ALRT-000756,CSE-FINANCE-002-A001,2026-08-14T16:12:00Z,2026-08-15T05:58:44.535396Z,closed,high,review completed,CSE-FINANCE-002-TEAM
CASE-DEMO-0153,CSE-TELECOM-002,ALRT-000761,CSE-TELECOM-002-A008,2026-06-05T10:27:00Z,2026-06-05T18:11:03.719052Z,closed,high,review completed,CSE-TELECOM-002-TEAM
CASE-DEMO-0154,CSE-POWER-002,ALRT-000766,CSE-POWER-002-A001,2026-08-20T10:11:00Z,2026-08-21T07:18:54.026688Z,closed,critical,review completed,CSE-POWER-002-TEAM
CASE-DEMO-0155,CSE-FINANCE-001,ALRT-000771,CSE-FINANCE-001-A005,2026-06-10T10:29:00Z,2026-06-10T18:55:40.008935Z,closed,high,review completed,CSE-FINANCE-001-TEAM
CASE-DEMO-0156,CSE-TELECOM-001,ALRT-000776,CSE-TELECOM-001-A009,2026-06-29T04:23:00Z,2026-06-29T14:12:17.808737Z,closed,high,review completed,CSE-TELECOM-001-TEAM
CASE-DEMO-0157,CSE-POWER-001,ALRT-000781,CSE-POWER-001-A007,2026-07-17T20:13:00Z,2026-07-18T09:17:54.837012Z,closed,high,review completed,CSE-POWER-001-TEAM
CASE-DEMO-0158,CSE-FINANCE-002,ALRT-000786,CSE-FINANCE-002-A006,2026-08-23T08:48:00Z,2026-08-24T06:19:15.452260Z,closed,high,review completed,CSE-FINANCE-002-TEAM
CASE-DEMO-0159,CSE-TELECOM-002,ALRT-000791,CSE-TELECOM-002-A009,2026-08-31T22:31:00Z,2026-09-01T04:45:27.302418Z,closed,high,review completed,CSE-TELECOM-002-TEAM
CASE-DEMO-0160,CSE-POWER-002,ALRT-000796,CSE-POWER-002-A006,2026-06-27T14:00:00Z,2026-06-28T04:13:38.193474Z,closed,high,review completed,CSE-POWER-002-TEAM
CASE-DEMO-0161,CSE-FINANCE-001,ALRT-000801,CSE-FINANCE-001-A001,2026-06-28T20:25:00Z,2026-06-29T23:07:34.985649Z,closed,high,review completed,CSE-FINANCE-001-TEAM
CASE-DEMO-0162,CSE-TELECOM-001,ALRT-000806,CSE-TELECOM-001-A004,2026-08-08T23:50:00Z,2026-08-09T13:21:01.390625Z,closed,high,review completed,CSE-TELECOM-001-TEAM
CASE-DEMO-0163,CSE-POWER-001,ALRT-000811,CSE-POWER-001-A009,2026-08-01T15:23:00Z,2026-08-02T15:35:34.023583Z,closed,high,review completed,CSE-POWER-001-TEAM
CASE-DEMO-0164,CSE-FINANCE-002,ALRT-000816,CSE-FINANCE-002-A004,2026-06-28T05:21:00Z,2026-06-28T23:21:57.375554Z,closed,high,review completed,CSE-FINANCE-002-TEAM
CASE-DEMO-0165,CSE-TELECOM-002,ALRT-000821,CSE-TELECOM-002-A002,2026-08-18T19:28:00Z,2026-08-19T11:05:45.625969Z,closed,high,review completed,CSE-TELECOM-002-TEAM
CASE-DEMO-0166,CSE-POWER-002,ALRT-000826,CSE-POWER-002-A001,2026-08-13T01:18:00Z,2026-08-13T08:01:38.725791Z,closed,high,review completed,CSE-POWER-002-TEAM
CASE-DEMO-0167,CSE-FINANCE-001,ALRT-000831,CSE-FINANCE-001-A008,2026-08-08T10:37:00Z,2026-08-08T21:30:15.445647Z,closed,high,review completed,CSE-FINANCE-001-TEAM
CASE-DEMO-0168,CSE-TELECOM-001,ALRT-000836,CSE-TELECOM-001-A001,2026-06-19T09:37:00Z,2026-06-20T04:25:18.816273Z,closed,high,review completed,CSE-TELECOM-001-TEAM
CASE-DEMO-0169,CSE-POWER-001,ALRT-000841,CSE-POWER-001-A001,2026-07-03T16:52:00Z,2026-07-04T15:54:41.030868Z,closed,high,review completed,CSE-POWER-001-TEAM
CASE-DEMO-0170,CSE-FINANCE-002,ALRT-000846,CSE-FINANCE-002-A006,2026-06-23T03:29:00Z,2026-06-23T21:04:37.586017Z,closed,high,review completed,CSE-FINANCE-002-TEAM
CASE-DEMO-0171,CSE-TELECOM-002,ALRT-000851,CSE-TELECOM-002-A002,2026-07-18T00:35:00Z,2026-07-19T00:36:20.443374Z,closed,critical,review completed,CSE-TELECOM-002-TEAM
CASE-DEMO-0172,CSE-POWER-002,ALRT-000856,CSE-POWER-002-A004,2026-06-05T05:53:00Z,2026-06-05T14:24:46.498608Z,closed,high,review completed,CSE-POWER-002-TEAM
CASE-DEMO-0173,CSE-FINANCE-001,ALRT-000861,CSE-FINANCE-001-A002,2026-06-21T04:50:00Z,2026-06-22T10:21:27.311076Z,closed,high,review completed,CSE-FINANCE-001-TEAM
CASE-DEMO-0174,CSE-TELECOM-001,ALRT-000866,CSE-TELECOM-001-A005,2026-06-19T16:37:00Z,2026-06-20T00:13:26.446680Z,closed,high,review completed,CSE-TELECOM-001-TEAM
CASE-DEMO-0175,CSE-POWER-001,ALRT-000871,CSE-POWER-001-A008,2026-08-02T08:37:00Z,2026-08-03T03:22:52.354583Z,closed,high,review completed,CSE-POWER-001-TEAM
CASE-DEMO-0176,CSE-FINANCE-002,ALRT-000876,CSE-FINANCE-002-A002,2026-07-10T14:33:00Z,2026-07-11T19:44:30.588030Z,closed,high,review completed,CSE-FINANCE-002-TEAM
CASE-DEMO-0177,CSE-TELECOM-002,ALRT-000881,CSE-TELECOM-002-A008,2026-07-02T08:41:00Z,2026-07-03T08:18:44.538202Z,closed,high,review completed,CSE-TELECOM-002-TEAM
CASE-DEMO-0178,CSE-POWER-002,ALRT-000886,CSE-POWER-002-A006,2026-07-05T09:47:00Z,2026-07-06T14:36:37.817497Z,closed,high,review completed,CSE-POWER-002-TEAM
CASE-DEMO-0179,CSE-FINANCE-001,ALRT-000891,CSE-FINANCE-001-A007,2026-07-02T07:46:00Z,2026-07-03T02:15:44.472353Z,closed,high,review completed,CSE-FINANCE-001-TEAM
CASE-DEMO-0180,CSE-TELECOM-001,ALRT-000896,CSE-TELECOM-001-A001,2026-07-20T04:36:00Z,2026-07-20T22:29:26.689563Z,closed,high,review completed,CSE-TELECOM-001-TEAM
CASE-DEMO-0181,CSE-POWER-001,ALRT-000901,CSE-POWER-001-A010,2026-08-22T19:58:00Z,2026-08-23T17:41:42.283074Z,closed,high,review completed,CSE-POWER-001-TEAM
CASE-DEMO-0182,CSE-FINANCE-002,ALRT-000906,CSE-FINANCE-002-A003,2026-06-07T22:38:00Z,2026-06-08T08:44:56.515603Z,closed,high,review completed,CSE-FINANCE-002-TEAM
CASE-DEMO-0183,CSE-TELECOM-002,ALRT-000911,CSE-TELECOM-002-A007,2026-06-23T03:08:00Z,2026-06-23T23:20:33.703143Z,closed,high,review completed,CSE-TELECOM-002-TEAM
CASE-DEMO-0184,CSE-POWER-002,ALRT-000916,CSE-POWER-002-A005,2026-06-28T00:09:00Z,2026-06-28T18:14:17.875068Z,closed,high,review completed,CSE-POWER-002-TEAM
CASE-DEMO-0185,CSE-FINANCE-001,ALRT-000921,CSE-FINANCE-001-A007,2026-08-20T05:26:00Z,2026-08-21T05:48:01.497458Z,closed,high,review completed,CSE-FINANCE-001-TEAM
CASE-DEMO-0186,CSE-TELECOM-001,ALRT-000926,CSE-TELECOM-001-A002,2026-08-31T23:46:00Z,2026-09-02T02:20:12.068114Z,closed,high,review completed,CSE-TELECOM-001-TEAM
CASE-DEMO-0187,CSE-POWER-001,ALRT-000931,CSE-POWER-001-A008,2026-07-21T10:47:00Z,2026-07-22T15:33:48.934435Z,closed,high,review completed,CSE-POWER-001-TEAM
CASE-DEMO-0188,CSE-FINANCE-002,ALRT-000936,CSE-FINANCE-002-A003,2026-06-24T00:38:00Z,2026-06-24T07:55:55.413980Z,closed,critical,review completed,CSE-FINANCE-002-TEAM
CASE-DEMO-0189,CSE-TELECOM-002,ALRT-000941,CSE-TELECOM-002-A008,2026-08-31T01:53:00Z,2026-09-01T05:45:59.650399Z,closed,high,review completed,CSE-TELECOM-002-TEAM
CASE-DEMO-0190,CSE-POWER-002,ALRT-000946,CSE-POWER-002-A001,2026-07-16T06:43:00Z,2026-07-17T08:50:21.662209Z,closed,high,review completed,CSE-POWER-002-TEAM
CASE-DEMO-0191,CSE-FINANCE-001,ALRT-000951,CSE-FINANCE-001-A004,2026-06-16T11:20:00Z,2026-06-17T12:05:28.845250Z,closed,high,review completed,CSE-FINANCE-001-TEAM
CASE-DEMO-0192,CSE-TELECOM-001,ALRT-000956,CSE-TELECOM-001-A002,2026-08-10T18:10:00Z,2026-08-11T22:54:11.038735Z,closed,high,review completed,CSE-TELECOM-001-TEAM
CASE-DEMO-0193,CSE-POWER-001,ALRT-000961,CSE-POWER-001-A009,2026-08-17T22:00:00Z,2026-08-18T19:59:11.849922Z,closed,high,review completed,CSE-POWER-001-TEAM
CASE-DEMO-0194,CSE-FINANCE-002,ALRT-000966,CSE-FINANCE-002-A004,2026-08-18T14:47:00Z,2026-08-19T00:45:29.192666Z,closed,high,review completed,CSE-FINANCE-002-TEAM
CASE-DEMO-0195,CSE-TELECOM-002,ALRT-000971,CSE-TELECOM-002-A004,2026-08-19T12:33:00Z,2026-08-20T14:26:09.099905Z,closed,high,review completed,CSE-TELECOM-002-TEAM
CASE-DEMO-0196,CSE-POWER-002,ALRT-000976,CSE-POWER-002-A008,2026-07-12T05:46:00Z,2026-07-12T21:01:42.921657Z,closed,high,review completed,CSE-POWER-002-TEAM
CASE-DEMO-0197,CSE-FINANCE-001,ALRT-000981,CSE-FINANCE-001-A009,2026-08-20T23:27:00Z,2026-08-21T22:08:56.084832Z,closed,high,review completed,CSE-FINANCE-001-TEAM
CASE-DEMO-0198,CSE-TELECOM-001,ALRT-000986,CSE-TELECOM-001-A002,2026-07-15T04:45:00Z,2026-07-16T03:23:07.899130Z,closed,high,review completed,CSE-TELECOM-001-TEAM
CASE-DEMO-0199,CSE-POWER-001,ALRT-000991,CSE-POWER-001-A002,2026-07-22T18:10:00Z,2026-07-23T04:41:12.193941Z,closed,high,review completed,CSE-POWER-001-TEAM
CASE-DEMO-0200,CSE-FINANCE-002,ALRT-000996,CSE-FINANCE-002-A003,2026-07-06T19:29:00Z,2026-07-08T00:40:44.541678Z,closed,high,review completed,CSE-FINANCE-002-TEAM
CASE-DEMO-0201,CSE-TELECOM-002,ALRT-001001,CSE-TELECOM-002-A009,2026-08-10T21:56:00Z,2026-08-11T18:47:27.493248Z,closed,high,review completed,CSE-TELECOM-002-TEAM
CASE-DEMO-0202,CSE-POWER-002,ALRT-001006,CSE-POWER-002-A001,2026-06-15T02:49:00Z,2026-06-15T14:34:05.648382Z,closed,high,review completed,CSE-POWER-002-TEAM
CASE-DEMO-0203,CSE-FINANCE-001,ALRT-001011,CSE-FINANCE-001-A001,2026-06-26T06:16:00Z,2026-06-27T02:00:43.938417Z,closed,high,review completed,CSE-FINANCE-001-TEAM
CASE-DEMO-0204,CSE-TELECOM-001,ALRT-001016,CSE-TELECOM-001-A001,2026-06-10T08:48:00Z,2026-06-11T10:47:58.285830Z,closed,high,review completed,CSE-TELECOM-001-TEAM
CASE-DEMO-0205,CSE-POWER-001,ALRT-001021,CSE-POWER-001-A006,2026-07-03T11:42:00Z,2026-07-04T07:33:10.725363Z,closed,critical,review completed,CSE-POWER-001-TEAM
CASE-DEMO-0206,CSE-FINANCE-002,ALRT-001026,CSE-FINANCE-002-A010,2026-08-29T21:55:00Z,2026-08-30T16:18:31.425225Z,closed,high,review completed,CSE-FINANCE-002-TEAM
CASE-DEMO-0207,CSE-TELECOM-002,ALRT-001031,CSE-TELECOM-002-A008,2026-08-26T22:57:00Z,2026-08-27T04:39:59.216234Z,closed,high,review completed,CSE-TELECOM-002-TEAM
CASE-DEMO-0208,CSE-POWER-002,ALRT-001036,CSE-POWER-002-A009,2026-07-03T07:13:00Z,2026-07-03T13:24:03.722314Z,closed,high,review completed,CSE-POWER-002-TEAM
CASE-DEMO-0209,CSE-FINANCE-001,ALRT-001041,CSE-FINANCE-001-A002,2026-08-30T10:55:00Z,2026-08-30T23:55:58.549236Z,closed,high,review completed,CSE-FINANCE-001-TEAM
CASE-DEMO-0210,CSE-TELECOM-001,ALRT-001046,CSE-TELECOM-001-A010,2026-06-27T23:07:00Z,2026-06-28T19:23:39.763267Z,closed,high,review completed,CSE-TELECOM-001-TEAM
CASE-DEMO-0211,CSE-POWER-001,ALRT-001051,CSE-POWER-001-A002,2026-07-23T00:34:00Z,2026-07-23T17:45:45.266849Z,closed,high,review completed,CSE-POWER-001-TEAM
CASE-DEMO-0212,CSE-FINANCE-002,ALRT-001056,CSE-FINANCE-002-A010,2026-08-03T20:53:00Z,2026-08-05T01:54:23.447199Z,closed,high,review completed,CSE-FINANCE-002-TEAM
CASE-DEMO-0213,CSE-TELECOM-002,ALRT-001061,CSE-TELECOM-002-A007,2026-07-16T13:43:00Z,2026-07-17T13:14:49.922873Z,closed,high,review completed,CSE-TELECOM-002-TEAM
CASE-DEMO-0214,CSE-POWER-002,ALRT-001066,CSE-POWER-002-A003,2026-08-15T04:28:00Z,2026-08-15T09:23:50.831207Z,closed,high,review completed,CSE-POWER-002-TEAM
CASE-DEMO-0215,CSE-FINANCE-001,ALRT-001071,CSE-FINANCE-001-A003,2026-06-09T03:32:00Z,2026-06-10T00:33:32.356918Z,closed,high,review completed,CSE-FINANCE-001-TEAM
CASE-DEMO-0216,CSE-TELECOM-001,ALRT-001076,CSE-TELECOM-001-A008,2026-08-25T12:17:00Z,2026-08-25T18:39:59.910474Z,closed,high,review completed,CSE-TELECOM-001-TEAM
CASE-DEMO-0217,CSE-POWER-001,ALRT-001081,CSE-POWER-001-A010,2026-06-26T12:30:00Z,2026-06-27T16:30:53.580522Z,closed,high,review completed,CSE-POWER-001-TEAM
CASE-DEMO-0218,CSE-FINANCE-002,ALRT-001086,CSE-FINANCE-002-A009,2026-08-25T03:48:00Z,2026-08-25T13:55:02.294371Z,closed,high,review completed,CSE-FINANCE-002-TEAM
CASE-DEMO-0219,CSE-TELECOM-002,ALRT-001091,CSE-TELECOM-002-A002,2026-06-18T16:19:00Z,2026-06-19T10:27:35.489417Z,closed,high,review completed,CSE-TELECOM-002-TEAM
CASE-DEMO-0220,CSE-POWER-002,ALRT-001096,CSE-POWER-002-A009,2026-06-29T22:06:00Z,2026-06-30T13:44:13.410377Z,closed,high,review completed,CSE-POWER-002-TEAM
CASE-DEMO-0221,CSE-FINANCE-001,ALRT-001101,CSE-FINANCE-001-A003,2026-07-24T14:05:00Z,2026-07-25T06:30:03.494107Z,closed,high,review completed,CSE-FINANCE-001-TEAM
CASE-DEMO-0222,CSE-TELECOM-001,ALRT-001106,CSE-TELECOM-001-A006,2026-07-28T12:01:00Z,2026-07-29T06:02:15.681478Z,closed,critical,review completed,CSE-TELECOM-001-TEAM
CASE-DEMO-0223,CSE-POWER-001,ALRT-001111,CSE-POWER-001-A007,2026-06-16T03:11:00Z,2026-06-17T08:27:29.457010Z,closed,high,review completed,CSE-POWER-001-TEAM
CASE-DEMO-0224,CSE-FINANCE-002,ALRT-001116,CSE-FINANCE-002-A009,2026-08-12T19:56:00Z,2026-08-13T04:47:20.833036Z,closed,high,review completed,CSE-FINANCE-002-TEAM
CASE-DEMO-0225,CSE-TELECOM-002,ALRT-001121,CSE-TELECOM-002-A008,2026-06-26T14:22:00Z,2026-06-27T18:38:53.448268Z,closed,high,review completed,CSE-TELECOM-002-TEAM
CASE-DEMO-0226,CSE-POWER-002,ALRT-001126,CSE-POWER-002-A003,2026-08-15T01:05:00Z,2026-08-15T16:50:07.800592Z,closed,high,review completed,CSE-POWER-002-TEAM
CASE-DEMO-0227,CSE-FINANCE-001,ALRT-001131,CSE-FINANCE-001-A004,2026-08-26T16:43:00Z,2026-08-27T06:36:29.960415Z,closed,high,review completed,CSE-FINANCE-001-TEAM
CASE-DEMO-0228,CSE-TELECOM-001,ALRT-001136,CSE-TELECOM-001-A004,2026-08-11T03:18:00Z,2026-08-11T09:19:40.037895Z,closed,high,review completed,CSE-TELECOM-001-TEAM
CASE-DEMO-0229,CSE-POWER-001,ALRT-001141,CSE-POWER-001-A006,2026-07-11T11:06:00Z,2026-07-12T07:03:52.666516Z,closed,high,review completed,CSE-POWER-001-TEAM
CASE-DEMO-0230,CSE-FINANCE-002,ALRT-001146,CSE-FINANCE-002-A004,2026-08-02T12:23:00Z,2026-08-03T11:05:16.656698Z,closed,high,review completed,CSE-FINANCE-002-TEAM
CASE-DEMO-0231,CSE-TELECOM-002,ALRT-001151,CSE-TELECOM-002-A004,2026-07-09T01:08:00Z,2026-07-09T22:23:21.589779Z,closed,high,review completed,CSE-TELECOM-002-TEAM
CASE-DEMO-0232,CSE-POWER-002,ALRT-001156,CSE-POWER-002-A003,2026-06-17T03:50:00Z,2026-06-17T19:49:47.599152Z,closed,high,review completed,CSE-POWER-002-TEAM
CASE-DEMO-0233,CSE-FINANCE-001,ALRT-001161,CSE-FINANCE-001-A007,2026-07-04T19:09:00Z,2026-07-05T15:01:16.428501Z,closed,high,review completed,CSE-FINANCE-001-TEAM
CASE-DEMO-0234,CSE-TELECOM-001,ALRT-001166,CSE-TELECOM-001-A004,2026-06-18T04:25:00Z,2026-06-18T21:13:15.302099Z,closed,high,review completed,CSE-TELECOM-001-TEAM
CASE-DEMO-0235,CSE-POWER-001,ALRT-001171,CSE-POWER-001-A009,2026-07-27T20:03:00Z,2026-07-28T14:08:29.026684Z,closed,high,review completed,CSE-POWER-001-TEAM
CASE-DEMO-0236,CSE-FINANCE-002,ALRT-001176,CSE-FINANCE-002-A007,2026-06-26T08:31:00Z,2026-06-27T10:47:57.424434Z,closed,high,review completed,CSE-FINANCE-002-TEAM
CASE-DEMO-0237,CSE-TELECOM-002,ALRT-001181,CSE-TELECOM-002-A002,2026-06-19T20:47:00Z,2026-06-20T15:43:21.891501Z,closed,high,review completed,CSE-TELECOM-002-TEAM
CASE-DEMO-0238,CSE-POWER-002,ALRT-001186,CSE-POWER-002-A003,2026-06-27T13:35:00Z,2026-06-28T04:55:53.084148Z,closed,high,review completed,CSE-POWER-002-TEAM
CASE-DEMO-0239,CSE-FINANCE-001,ALRT-001191,CSE-FINANCE-001-A004,2026-07-23T15:43:00Z,2026-07-24T08:38:40.361059Z,closed,critical,review completed,CSE-FINANCE-001-TEAM
CASE-DEMO-0240,CSE-TELECOM-001,ALRT-001196,CSE-TELECOM-001-A008,2026-08-06T22:46:00Z,2026-08-08T00:44:59.855915Z,closed,high,review completed,CSE-TELECOM-001-TEAM
CASE-DEMO-0241,CSE-POWER-001,ALRT-001201,CSE-POWER-001-A004,2026-06-29T17:07:00Z,2026-06-30T18:52:47.412488Z,closed,high,review completed,CSE-POWER-001-TEAM
CASE-DEMO-0242,CSE-FINANCE-002,ALRT-001206,CSE-FINANCE-002-A003,2026-07-05T00:34:00Z,2026-07-05T07:56:00.031580Z,closed,high,review completed,CSE-FINANCE-002-TEAM
CASE-DEMO-0243,CSE-TELECOM-002,ALRT-001211,CSE-TELECOM-002-A006,2026-06-21T15:05:00Z,2026-06-22T08:30:08.538267Z,closed,high,review completed,CSE-TELECOM-002-TEAM
CASE-DEMO-0244,CSE-POWER-002,ALRT-001216,CSE-POWER-002-A003,2026-06-12T13:15:00Z,2026-06-12T22:20:59.975539Z,closed,high,review completed,CSE-POWER-002-TEAM
CASE-DEMO-0245,CSE-FINANCE-001,ALRT-001221,CSE-FINANCE-001-A010,2026-06-04T00:50:00Z,2026-06-05T06:40:56.362353Z,closed,high,review completed,CSE-FINANCE-001-TEAM
CASE-DEMO-0246,CSE-TELECOM-001,ALRT-001226,CSE-TELECOM-001-A009,2026-06-18T00:52:00Z,2026-06-18T05:51:33.640981Z,closed,high,review completed,CSE-TELECOM-001-TEAM
CASE-DEMO-0247,CSE-POWER-001,ALRT-001231,CSE-POWER-001-A002,2026-08-04T05:07:00Z,2026-08-05T01:50:33.409384Z,closed,high,review completed,CSE-POWER-001-TEAM
CASE-DEMO-0248,CSE-FINANCE-002,ALRT-001236,CSE-FINANCE-002-A003,2026-08-27T21:19:00Z,2026-08-28T09:35:28.561062Z,closed,high,review completed,CSE-FINANCE-002-TEAM
CASE-DEMO-0249,CSE-TELECOM-002,ALRT-001241,CSE-TELECOM-002-A002,2026-06-17T18:27:00Z,2026-06-18T12:05:02.601071Z,closed,high,review completed,CSE-TELECOM-002-TEAM
CASE-DEMO-0250,CSE-POWER-002,ALRT-001246,CSE-POWER-002-A009,2026-08-05T17:34:00Z,2026-08-06T07:55:48.366020Z,closed,high,review completed,CSE-POWER-002-TEAM
CASE-DEMO-0251,CSE-FINANCE-001,ALRT-001251,CSE-FINANCE-001-A002,2026-06-10T11:23:00Z,2026-06-10T20:13:31.800406Z,closed,high,review completed,CSE-FINANCE-001-TEAM
CASE-DEMO-0252,CSE-TELECOM-001,ALRT-001256,CSE-TELECOM-001-A001,2026-08-31T03:42:00Z,2026-08-31T23:57:18.734817Z,closed,high,review completed,CSE-TELECOM-001-TEAM
CASE-DEMO-0253,CSE-POWER-001,ALRT-001261,CSE-POWER-001-A009,2026-08-31T09:30:00Z,2026-08-31T19:40:28.280253Z,closed,high,review completed,CSE-POWER-001-TEAM
CASE-DEMO-0254,CSE-FINANCE-002,ALRT-001266,CSE-FINANCE-002-A009,2026-07-06T18:32:00Z,2026-07-06T23:52:55.221089Z,closed,high,review completed,CSE-FINANCE-002-TEAM
CASE-DEMO-0255,CSE-TELECOM-002,ALRT-001271,CSE-TELECOM-002-A008,2026-08-03T10:41:00Z,2026-08-03T21:41:09.027322Z,closed,high,review completed,CSE-TELECOM-002-TEAM
CASE-DEMO-0256,CSE-POWER-002,ALRT-001276,CSE-POWER-002-A002,2026-06-11T06:38:00Z,2026-06-11T11:24:38.429809Z,closed,critical,review completed,CSE-POWER-002-TEAM
CASE-DEMO-0257,CSE-FINANCE-001,ALRT-001281,CSE-FINANCE-001-A005,2026-07-23T16:12:00Z,2026-07-24T19:27:45.486042Z,closed,high,review completed,CSE-FINANCE-001-TEAM
CASE-DEMO-0258,CSE-TELECOM-001,ALRT-001286,CSE-TELECOM-001-A003,2026-08-29T14:05:00Z,2026-08-30T03:27:09.440268Z,closed,high,review completed,CSE-TELECOM-001-TEAM
CASE-DEMO-0259,CSE-POWER-001,ALRT-001291,CSE-POWER-001-A004,2026-06-29T19:38:00Z,2026-07-01T01:29:22.675431Z,closed,high,review completed,CSE-POWER-001-TEAM
CASE-DEMO-0260,CSE-FINANCE-002,ALRT-001296,CSE-FINANCE-002-A006,2026-07-18T02:04:00Z,2026-07-18T15:58:15.908281Z,closed,high,review completed,CSE-FINANCE-002-TEAM
CASE-DEMO-0261,CSE-TELECOM-002,ALRT-001301,CSE-TELECOM-002-A006,2026-06-13T21:26:00Z,2026-06-14T17:32:28.865285Z,closed,high,review completed,CSE-TELECOM-002-TEAM
CASE-DEMO-0262,CSE-POWER-002,ALRT-001306,CSE-POWER-002-A002,2026-07-17T14:29:00Z,2026-07-18T12:18:33.321923Z,closed,high,review completed,CSE-POWER-002-TEAM
CASE-DEMO-0263,CSE-FINANCE-001,ALRT-001311,CSE-FINANCE-001-A005,2026-07-31T01:34:00Z,2026-07-31T20:21:56.509979Z,closed,high,review completed,CSE-FINANCE-001-TEAM
CASE-DEMO-0264,CSE-TELECOM-001,ALRT-001316,CSE-TELECOM-001-A005,2026-07-05T20:11:00Z,2026-07-06T00:58:47.355506Z,closed,high,review completed,CSE-TELECOM-001-TEAM
CASE-DEMO-0265,CSE-POWER-001,ALRT-001321,CSE-POWER-001-A007,2026-08-03T15:34:00Z,2026-08-03T22:48:43.664820Z,closed,high,review completed,CSE-POWER-001-TEAM
CASE-DEMO-0266,CSE-FINANCE-002,ALRT-001326,CSE-FINANCE-002-A008,2026-07-13T03:50:00Z,2026-07-13T15:06:10.287432Z,closed,high,review completed,CSE-FINANCE-002-TEAM
CASE-DEMO-0267,CSE-TELECOM-002,ALRT-001331,CSE-TELECOM-002-A010,2026-07-21T06:22:00Z,2026-07-22T00:27:09.680841Z,closed,high,review completed,CSE-TELECOM-002-TEAM
CASE-DEMO-0268,CSE-POWER-002,ALRT-001336,CSE-POWER-002-A007,2026-08-08T10:07:00Z,2026-08-09T10:21:16.281962Z,closed,high,review completed,CSE-POWER-002-TEAM
CASE-DEMO-0269,CSE-FINANCE-001,ALRT-001341,CSE-FINANCE-001-A002,2026-06-16T02:41:00Z,2026-06-16T15:35:30.307271Z,closed,high,review completed,CSE-FINANCE-001-TEAM
CASE-DEMO-0270,CSE-TELECOM-001,ALRT-001346,CSE-TELECOM-001-A002,2026-06-28T15:07:00Z,2026-06-29T04:51:15.942866Z,closed,high,review completed,CSE-TELECOM-001-TEAM
CASE-DEMO-0271,CSE-POWER-001,ALRT-001351,CSE-POWER-001-A001,2026-06-22T11:53:00Z,2026-06-22T22:24:52.856915Z,closed,high,review completed,CSE-POWER-001-TEAM
CASE-DEMO-0272,CSE-FINANCE-002,ALRT-001356,CSE-FINANCE-002-A003,2026-07-24T10:33:00Z,2026-07-25T14:50:24.008543Z,closed,high,review completed,CSE-FINANCE-002-TEAM
CASE-DEMO-0273,CSE-TELECOM-002,ALRT-001361,CSE-TELECOM-002-A010,2026-06-22T00:39:00Z,2026-06-22T14:52:21.026755Z,closed,critical,review completed,CSE-TELECOM-002-TEAM
CASE-DEMO-0274,CSE-POWER-002,ALRT-001366,CSE-POWER-002-A007,2026-07-06T21:03:00Z,2026-07-07T16:29:00.484428Z,closed,high,review completed,CSE-POWER-002-TEAM
CASE-DEMO-0275,CSE-FINANCE-001,ALRT-001371,CSE-FINANCE-001-A004,2026-07-23T03:31:00Z,2026-07-23T12:36:55.638322Z,closed,high,review completed,CSE-FINANCE-001-TEAM
CASE-DEMO-0276,CSE-TELECOM-001,ALRT-001376,CSE-TELECOM-001-A002,2026-07-16T11:30:00Z,2026-07-17T00:40:42.665367Z,closed,high,review completed,CSE-TELECOM-001-TEAM
CASE-DEMO-0277,CSE-POWER-001,ALRT-001381,CSE-POWER-001-A001,2026-07-14T04:14:00Z,2026-07-15T05:25:45.208054Z,closed,high,review completed,CSE-POWER-001-TEAM
CASE-DEMO-0278,CSE-FINANCE-002,ALRT-001386,CSE-FINANCE-002-A007,2026-06-16T18:50:00Z,2026-06-17T06:28:53.738856Z,closed,high,review completed,CSE-FINANCE-002-TEAM
CASE-DEMO-0279,CSE-TELECOM-002,ALRT-001391,CSE-TELECOM-002-A002,2026-07-30T05:56:00Z,2026-07-31T02:31:44.993996Z,closed,high,review completed,CSE-TELECOM-002-TEAM
CASE-DEMO-0280,CSE-POWER-002,ALRT-001396,CSE-POWER-002-A004,2026-08-26T11:23:00Z,2026-08-27T07:51:57.628146Z,closed,high,review completed,CSE-POWER-002-TEAM
CASE-DEMO-0281,CSE-FINANCE-001,ALRT-001401,CSE-FINANCE-001-A009,2026-07-08T22:38:00Z,2026-07-09T06:05:37.964098Z,closed,high,review completed,CSE-FINANCE-001-TEAM
CASE-DEMO-0282,CSE-TELECOM-001,ALRT-001406,CSE-TELECOM-001-A010,2026-07-22T07:36:00Z,2026-07-23T01:27:01.010829Z,closed,high,review completed,CSE-TELECOM-001-TEAM
CASE-DEMO-0283,CSE-POWER-001,ALRT-001411,CSE-POWER-001-A005,2026-07-08T10:48:00Z,2026-07-09T05:46:38.579615Z,closed,high,review completed,CSE-POWER-001-TEAM
CASE-DEMO-0284,CSE-FINANCE-002,ALRT-001416,CSE-FINANCE-002-A001,2026-06-04T04:06:00Z,2026-06-04T15:06:02.031197Z,closed,high,review completed,CSE-FINANCE-002-TEAM
CASE-DEMO-0285,CSE-TELECOM-002,ALRT-001421,CSE-TELECOM-002-A005,2026-08-31T05:59:00Z,2026-08-31T20:09:33.669723Z,closed,high,review completed,CSE-TELECOM-002-TEAM
CASE-DEMO-0286,CSE-POWER-002,ALRT-001426,CSE-POWER-002-A008,2026-07-01T02:16:00Z,2026-07-02T04:47:32.500639Z,closed,high,review completed,CSE-POWER-002-TEAM
CASE-DEMO-0287,CSE-FINANCE-001,ALRT-001431,CSE-FINANCE-001-A006,2026-06-29T18:48:00Z,2026-06-30T21:19:24.943694Z,closed,high,review completed,CSE-FINANCE-001-TEAM
CASE-DEMO-0288,CSE-TELECOM-001,ALRT-001436,CSE-TELECOM-001-A007,2026-06-24T21:19:00Z,2026-06-25T06:22:31.547118Z,closed,high,review completed,CSE-TELECOM-001-TEAM
CASE-DEMO-0289,CSE-POWER-001,ALRT-001441,CSE-POWER-001-A002,2026-07-18T13:13:00Z,2026-07-19T18:11:20.431827Z,closed,high,review completed,CSE-POWER-001-TEAM
CASE-DEMO-0290,CSE-FINANCE-002,ALRT-001446,CSE-FINANCE-002-A010,2026-07-08T16:38:00Z,2026-07-09T20:39:04.982867Z,closed,critical,review completed,CSE-FINANCE-002-TEAM
CASE-DEMO-0291,CSE-TELECOM-002,ALRT-001451,CSE-TELECOM-002-A007,2026-07-23T03:14:00Z,2026-07-24T07:31:52.599203Z,closed,high,review completed,CSE-TELECOM-002-TEAM
CASE-DEMO-0292,CSE-POWER-002,ALRT-001456,CSE-POWER-002-A002,2026-06-24T05:21:00Z,2026-06-24T18:11:41.416147Z,closed,high,review completed,CSE-POWER-002-TEAM
CASE-DEMO-0293,CSE-FINANCE-001,ALRT-001461,CSE-FINANCE-001-A008,2026-06-17T01:52:00Z,2026-06-17T10:08:29.855257Z,closed,high,review completed,CSE-FINANCE-001-TEAM
CASE-DEMO-0294,CSE-TELECOM-001,ALRT-001466,CSE-TELECOM-001-A005,2026-08-26T15:16:00Z,2026-08-26T21:20:11.210326Z,closed,high,review completed,CSE-TELECOM-001-TEAM
CASE-DEMO-0295,CSE-POWER-001,ALRT-001471,CSE-POWER-001-A006,2026-08-05T00:15:00Z,2026-08-05T21:56:37.560216Z,closed,high,review completed,CSE-POWER-001-TEAM
CASE-DEMO-0296,CSE-FINANCE-002,ALRT-001476,CSE-FINANCE-002-A005,2026-07-12T06:02:00Z,2026-07-12T18:33:29.630436Z,closed,high,review completed,CSE-FINANCE-002-TEAM
CASE-DEMO-0297,CSE-TELECOM-002,ALRT-001481,CSE-TELECOM-002-A010,2026-08-13T21:10:00Z,2026-08-14T15:01:32.567731Z,closed,high,review completed,CSE-TELECOM-002-TEAM
CASE-DEMO-0298,CSE-POWER-002,ALRT-001486,CSE-POWER-002-A001,2026-07-05T04:22:00Z,2026-07-05T17:09:06.311252Z,closed,high,review completed,CSE-POWER-002-TEAM
CASE-DEMO-0299,CSE-FINANCE-001,ALRT-001491,CSE-FINANCE-001-A007,2026-07-24T03:57:00Z,2026-07-25T09:40:26.074840Z,closed,high,review completed,CSE-FINANCE-001-TEAM
CASE-DEMO-0300,CSE-TELECOM-001,ALRT-001496,CSE-TELECOM-001-A002,2026-07-11T18:59:00Z,2026-07-12T11:32:57.145864Z,closed,high,review completed,CSE-TELECOM-001-TEAM
CASE-DEMO-0301,CSE-POWER-001,ALRT-001501,CSE-POWER-001-A008,2026-06-06T17:01:00Z,2026-06-07T20:46:46.080152Z,closed,high,review completed,CSE-POWER-001-TEAM
CASE-DEMO-0302,CSE-FINANCE-002,ALRT-001506,CSE-FINANCE-002-A008,2026-08-08T14:53:00Z,2026-08-09T03:48:37.623099Z,closed,high,review completed,CSE-FINANCE-002-TEAM
CASE-DEMO-0303,CSE-TELECOM-002,ALRT-001511,CSE-TELECOM-002-A004,2026-08-08T04:35:00Z,2026-08-08T12:56:34.785472Z,closed,high,review completed,CSE-TELECOM-002-TEAM
CASE-DEMO-0304,CSE-POWER-002,ALRT-001516,CSE-POWER-002-A009,2026-06-15T07:13:00Z,2026-06-16T02:10:41.528344Z,closed,high,review completed,CSE-POWER-002-TEAM
CASE-DEMO-0305,CSE-FINANCE-001,ALRT-001521,CSE-FINANCE-001-A003,2026-06-21T23:42:00Z,2026-06-22T14:11:41.771831Z,closed,high,review completed,CSE-FINANCE-001-TEAM
CASE-DEMO-0306,CSE-TELECOM-001,ALRT-001526,CSE-TELECOM-001-A008,2026-07-26T13:09:00Z,2026-07-27T08:28:02.028319Z,closed,high,review completed,CSE-TELECOM-001-TEAM
CASE-DEMO-0307,CSE-POWER-001,ALRT-001531,CSE-POWER-001-A009,2026-06-29T11:57:00Z,2026-06-30T14:31:36.090343Z,closed,critical,review completed,CSE-POWER-001-TEAM
CASE-DEMO-0308,CSE-FINANCE-002,ALRT-001536,CSE-FINANCE-002-A008,2026-08-19T21:11:00Z,2026-08-20T06:57:44.512406Z,closed,high,review completed,CSE-FINANCE-002-TEAM
CASE-DEMO-0309,CSE-TELECOM-002,ALRT-001541,CSE-TELECOM-002-A008,2026-08-28T15:20:00Z,2026-08-29T09:06:23.750040Z,closed,high,review completed,CSE-TELECOM-002-TEAM
CASE-DEMO-0310,CSE-POWER-002,ALRT-001546,CSE-POWER-002-A003,2026-07-14T03:44:00Z,2026-07-15T04:03:25.489336Z,closed,high,review completed,CSE-POWER-002-TEAM
CASE-DEMO-0311,CSE-FINANCE-001,ALRT-001551,CSE-FINANCE-001-A001,2026-08-22T21:06:00Z,2026-08-23T10:43:16.856335Z,closed,high,review completed,CSE-FINANCE-001-TEAM
CASE-DEMO-0312,CSE-TELECOM-001,ALRT-001556,CSE-TELECOM-001-A010,2026-08-13T04:51:00Z,2026-08-13T14:39:44.622248Z,closed,high,review completed,CSE-TELECOM-001-TEAM
CASE-DEMO-0313,CSE-POWER-001,ALRT-001561,CSE-POWER-001-A004,2026-07-10T08:24:00Z,2026-07-11T14:10:37.780263Z,closed,high,review completed,CSE-POWER-001-TEAM
CASE-DEMO-0314,CSE-FINANCE-002,ALRT-001566,CSE-FINANCE-002-A001,2026-06-07T10:26:00Z,2026-06-08T03:32:59.444242Z,closed,high,review completed,CSE-FINANCE-002-TEAM
CASE-DEMO-0315,CSE-TELECOM-002,ALRT-001571,CSE-TELECOM-002-A007,2026-08-18T23:39:00Z,2026-08-19T18:12:29.777350Z,closed,high,review completed,CSE-TELECOM-002-TEAM
CASE-DEMO-0316,CSE-POWER-002,ALRT-001576,CSE-POWER-002-A009,2026-08-19T12:43:00Z,2026-08-20T02:53:18.127717Z,closed,high,review completed,CSE-POWER-002-TEAM
CASE-DEMO-0317,CSE-FINANCE-001,ALRT-001581,CSE-FINANCE-001-A004,2026-07-02T02:37:00Z,2026-07-02T16:07:39.274800Z,closed,high,review completed,CSE-FINANCE-001-TEAM
CASE-DEMO-0318,CSE-TELECOM-001,ALRT-001586,CSE-TELECOM-001-A010,2026-08-25T07:18:00Z,2026-08-26T12:02:32.413984Z,closed,high,review completed,CSE-TELECOM-001-TEAM
CASE-DEMO-0319,CSE-POWER-001,ALRT-001591,CSE-POWER-001-A009,2026-07-07T10:44:00Z,2026-07-08T03:27:49.565607Z,closed,high,review completed,CSE-POWER-001-TEAM
CASE-DEMO-0320,CSE-FINANCE-002,ALRT-001596,CSE-FINANCE-002-A001,2026-07-03T22:28:00Z,2026-07-04T09:18:02.699434Z,closed,high,review completed,CSE-FINANCE-002-TEAM
CASE-DEMO-0321,CSE-TELECOM-002,ALRT-001601,CSE-TELECOM-002-A001,2026-07-01T06:24:00Z,2026-07-01T20:26:35.722905Z,closed,high,review completed,CSE-TELECOM-002-TEAM
CASE-DEMO-0322,CSE-POWER-002,ALRT-001606,CSE-POWER-002-A007,2026-06-10T03:35:00Z,2026-06-11T05:41:11.443047Z,closed,high,review completed,CSE-POWER-002-TEAM
CASE-DEMO-0323,CSE-FINANCE-001,ALRT-001611,CSE-FINANCE-001-A009,2026-07-10T10:36:00Z,2026-07-10T23:02:01.626570Z,closed,high,review completed,CSE-FINANCE-001-TEAM
CASE-DEMO-0324,CSE-TELECOM-001,ALRT-001616,CSE-TELECOM-001-A001,2026-08-01T01:22:00Z,2026-08-01T21:13:25.128799Z,closed,critical,review completed,CSE-TELECOM-001-TEAM
CASE-DEMO-0325,CSE-POWER-001,ALRT-001621,CSE-POWER-001-A003,2026-08-21T20:03:00Z,2026-08-22T19:42:20.467548Z,closed,high,review completed,CSE-POWER-001-TEAM
CASE-DEMO-0326,CSE-FINANCE-002,ALRT-001626,CSE-FINANCE-002-A010,2026-07-03T11:06:00Z,2026-07-04T11:11:53.103313Z,closed,high,review completed,CSE-FINANCE-002-TEAM
CASE-DEMO-0327,CSE-TELECOM-002,ALRT-001631,CSE-TELECOM-002-A006,2026-07-25T20:23:00Z,2026-07-26T07:51:11.724625Z,closed,high,review completed,CSE-TELECOM-002-TEAM
CASE-DEMO-0328,CSE-POWER-002,ALRT-001636,CSE-POWER-002-A004,2026-07-21T18:02:00Z,2026-07-22T04:50:15.776094Z,closed,high,review completed,CSE-POWER-002-TEAM
CASE-DEMO-0329,CSE-FINANCE-001,ALRT-001641,CSE-FINANCE-001-A009,2026-07-29T10:17:00Z,2026-07-29T14:28:51.577903Z,closed,high,review completed,CSE-FINANCE-001-TEAM
CASE-DEMO-0330,CSE-TELECOM-001,ALRT-001646,CSE-TELECOM-001-A002,2026-07-19T20:30:00Z,2026-07-20T08:28:19.569842Z,closed,high,review completed,CSE-TELECOM-001-TEAM
CASE-DEMO-0331,CSE-POWER-001,ALRT-001651,CSE-POWER-001-A007,2026-08-06T04:36:00Z,2026-08-07T00:48:09.675466Z,closed,high,review completed,CSE-POWER-001-TEAM
CASE-DEMO-0332,CSE-FINANCE-002,ALRT-001656,CSE-FINANCE-002-A003,2026-08-07T16:58:00Z,2026-08-08T19:47:17.406223Z,closed,high,review completed,CSE-FINANCE-002-TEAM
CASE-DEMO-0333,CSE-TELECOM-002,ALRT-001661,CSE-TELECOM-002-A008,2026-07-28T09:48:00Z,2026-07-29T13:02:25.963500Z,closed,high,review completed,CSE-TELECOM-002-TEAM
CASE-DEMO-0334,CSE-POWER-002,ALRT-001666,CSE-POWER-002-A004,2026-07-11T15:21:00Z,2026-07-12T16:46:57.154700Z,closed,high,review completed,CSE-POWER-002-TEAM
CASE-DEMO-0335,CSE-FINANCE-001,ALRT-001671,CSE-FINANCE-001-A002,2026-07-17T09:10:00Z,2026-07-17T15:06:14.102535Z,closed,high,review completed,CSE-FINANCE-001-TEAM
CASE-DEMO-0336,CSE-TELECOM-001,ALRT-001676,CSE-TELECOM-001-A001,2026-08-18T01:57:00Z,2026-08-19T03:35:32.370343Z,closed,high,review completed,CSE-TELECOM-001-TEAM
CASE-DEMO-0337,CSE-POWER-001,ALRT-001681,CSE-POWER-001-A008,2026-07-28T15:16:00Z,2026-07-29T19:01:39.205112Z,closed,high,review completed,CSE-POWER-001-TEAM
CASE-DEMO-0338,CSE-FINANCE-002,ALRT-001686,CSE-FINANCE-002-A002,2026-08-30T10:57:00Z,2026-08-31T06:31:26.497920Z,closed,high,review completed,CSE-FINANCE-002-TEAM
CASE-DEMO-0339,CSE-TELECOM-002,ALRT-001691,CSE-TELECOM-002-A003,2026-08-04T05:46:00Z,2026-08-04T14:03:06.673683Z,closed,high,review completed,CSE-TELECOM-002-TEAM
CASE-DEMO-0340,CSE-POWER-002,ALRT-001696,CSE-POWER-002-A010,2026-07-03T20:22:00Z,2026-07-04T05:32:40.235663Z,closed,high,review completed,CSE-POWER-002-TEAM
CASE-DEMO-0341,CSE-FINANCE-001,ALRT-001701,CSE-FINANCE-001-A007,2026-07-30T10:15:00Z,2026-07-31T11:54:31.095952Z,closed,critical,review completed,CSE-FINANCE-001-TEAM
CASE-DEMO-0342,CSE-TELECOM-001,ALRT-001706,CSE-TELECOM-001-A007,2026-06-10T17:49:00Z,2026-06-11T06:29:26.376731Z,closed,high,review completed,CSE-TELECOM-001-TEAM
CASE-DEMO-0343,CSE-POWER-001,ALRT-001711,CSE-POWER-001-A010,2026-06-24T17:13:00Z,2026-06-25T03:21:11.285875Z,closed,high,review completed,CSE-POWER-001-TEAM
CASE-DEMO-0344,CSE-FINANCE-002,ALRT-001716,CSE-FINANCE-002-A003,2026-08-10T12:55:00Z,2026-08-11T13:32:47.060002Z,closed,high,review completed,CSE-FINANCE-002-TEAM
CASE-DEMO-0345,CSE-TELECOM-002,ALRT-001721,CSE-TELECOM-002-A005,2026-06-06T07:40:00Z,2026-06-06T13:54:10.552077Z,closed,high,review completed,CSE-TELECOM-002-TEAM
CASE-DEMO-0346,CSE-POWER-002,ALRT-001726,CSE-POWER-002-A010,2026-06-22T03:47:00Z,2026-06-22T17:15:11.336725Z,closed,high,review completed,CSE-POWER-002-TEAM
CASE-DEMO-0347,CSE-FINANCE-001,ALRT-001731,CSE-FINANCE-001-A002,2026-07-01T13:35:00Z,2026-07-02T03:50:28.078490Z,closed,high,review completed,CSE-FINANCE-001-TEAM
CASE-DEMO-0348,CSE-TELECOM-001,ALRT-001736,CSE-TELECOM-001-A008,2026-07-20T15:36:00Z,2026-07-20T21:53:36.199044Z,closed,high,review completed,CSE-TELECOM-001-TEAM
CASE-DEMO-0349,CSE-POWER-001,ALRT-001741,CSE-POWER-001-A004,2026-06-10T15:16:00Z,2026-06-11T02:54:05.639042Z,closed,high,review completed,CSE-POWER-001-TEAM
CASE-DEMO-0350,CSE-FINANCE-002,ALRT-001746,CSE-FINANCE-002-A006,2026-08-01T22:30:00Z,2026-08-02T05:17:44.118321Z,closed,high,review completed,CSE-FINANCE-002-TEAM
CASE-DEMO-0351,CSE-TELECOM-002,ALRT-001751,CSE-TELECOM-002-A008,2026-06-20T23:55:00Z,2026-06-22T01:26:03.298376Z,closed,high,review completed,CSE-TELECOM-002-TEAM
CASE-DEMO-0352,CSE-POWER-002,ALRT-001756,CSE-POWER-002-A009,2026-08-29T06:51:00Z,2026-08-29T16:06:35.016904Z,closed,high,review completed,CSE-POWER-002-TEAM
CASE-DEMO-0353,CSE-FINANCE-001,ALRT-001761,CSE-FINANCE-001-A008,2026-06-11T00:19:00Z,2026-06-11T09:56:53.373546Z,closed,high,review completed,CSE-FINANCE-001-TEAM
CASE-DEMO-0354,CSE-TELECOM-001,ALRT-001766,CSE-TELECOM-001-A005,2026-07-09T13:37:00Z,2026-07-09T22:07:40.504186Z,closed,high,review completed,CSE-TELECOM-001-TEAM
CASE-DEMO-0355,CSE-POWER-001,ALRT-001771,CSE-POWER-001-A003,2026-08-08T18:41:00Z,2026-08-09T14:47:13.923729Z,closed,high,review completed,CSE-POWER-001-TEAM
CASE-DEMO-0356,CSE-FINANCE-002,ALRT-001776,CSE-FINANCE-002-A006,2026-06-12T01:08:00Z,2026-06-12T10:42:34.167232Z,closed,high,review completed,CSE-FINANCE-002-TEAM
CASE-DEMO-0357,CSE-TELECOM-002,ALRT-001781,CSE-TELECOM-002-A002,2026-08-19T06:10:00Z,2026-08-19T21:04:23.675944Z,closed,high,review completed,CSE-TELECOM-002-TEAM
CASE-DEMO-0358,CSE-POWER-002,ALRT-001786,CSE-POWER-002-A004,2026-08-20T17:56:00Z,2026-08-21T16:51:25.980001Z,closed,critical,review completed,CSE-POWER-002-TEAM
CASE-DEMO-0359,CSE-FINANCE-001,ALRT-001791,CSE-FINANCE-001-A010,2026-07-07T01:41:00Z,2026-07-08T06:23:58.287890Z,closed,high,review completed,CSE-FINANCE-001-TEAM
CASE-DEMO-0360,CSE-TELECOM-001,ALRT-001796,CSE-TELECOM-001-A002,2026-06-07T11:01:00Z,2026-06-07T17:32:54.570563Z,closed,high,review completed,CSE-TELECOM-001-TEAM
CASE-DEMO-0361,CSE-POWER-001,ALRT-001801,CSE-POWER-001-A003,2026-08-17T23:23:00Z,2026-08-19T00:09:08.029594Z,closed,high,review completed,CSE-POWER-001-TEAM
CASE-DEMO-0362,CSE-FINANCE-002,ALRT-001806,CSE-FINANCE-002-A003,2026-08-23T23:53:00Z,2026-08-24T15:30:49.794116Z,closed,high,review completed,CSE-FINANCE-002-TEAM
CASE-DEMO-0363,CSE-TELECOM-002,ALRT-001811,CSE-TELECOM-002-A003,2026-06-04T06:40:00Z,2026-06-04T18:55:01.174035Z,closed,high,review completed,CSE-TELECOM-002-TEAM
CASE-DEMO-0364,CSE-POWER-002,ALRT-001816,CSE-POWER-002-A005,2026-06-28T05:18:00Z,2026-06-28T09:43:02.912815Z,closed,high,review completed,CSE-POWER-002-TEAM
CASE-DEMO-0365,CSE-FINANCE-001,ALRT-001821,CSE-FINANCE-001-A010,2026-06-29T22:27:00Z,2026-06-30T18:35:24.146797Z,closed,high,review completed,CSE-FINANCE-001-TEAM
CASE-DEMO-0366,CSE-TELECOM-001,ALRT-001826,CSE-TELECOM-001-A008,2026-06-20T14:37:00Z,2026-06-21T19:23:15.584382Z,closed,high,review completed,CSE-TELECOM-001-TEAM
CASE-DEMO-0367,CSE-POWER-001,ALRT-001831,CSE-POWER-001-A005,2026-06-23T14:34:00Z,2026-06-23T22:27:30.656229Z,closed,high,review completed,CSE-POWER-001-TEAM
CASE-DEMO-0368,CSE-FINANCE-002,ALRT-001836,CSE-FINANCE-002-A009,2026-06-16T13:27:00Z,2026-06-17T15:55:14.626542Z,closed,high,review completed,CSE-FINANCE-002-TEAM
CASE-DEMO-0369,CSE-TELECOM-002,ALRT-001841,CSE-TELECOM-002-A006,2026-07-31T12:10:00Z,2026-08-01T13:01:43.004770Z,closed,high,review completed,CSE-TELECOM-002-TEAM
CASE-DEMO-0370,CSE-POWER-002,ALRT-001846,CSE-POWER-002-A001,2026-08-03T05:22:00Z,2026-08-03T16:44:13.616013Z,closed,high,review completed,CSE-POWER-002-TEAM
CASE-DEMO-0371,CSE-FINANCE-001,ALRT-001851,CSE-FINANCE-001-A007,2026-08-18T12:34:00Z,2026-08-19T12:34:49.477760Z,closed,high,review completed,CSE-FINANCE-001-TEAM
CASE-DEMO-0372,CSE-TELECOM-001,ALRT-001856,CSE-TELECOM-001-A004,2026-06-20T15:12:00Z,2026-06-20T21:27:56.025899Z,closed,high,review completed,CSE-TELECOM-001-TEAM
CASE-DEMO-0373,CSE-POWER-001,ALRT-001861,CSE-POWER-001-A007,2026-08-29T16:53:00Z,2026-08-30T17:04:04.834996Z,closed,high,review completed,CSE-POWER-001-TEAM
CASE-DEMO-0374,CSE-FINANCE-002,ALRT-001866,CSE-FINANCE-002-A007,2026-06-09T09:27:00Z,2026-06-09T18:03:37.596874Z,closed,high,review completed,CSE-FINANCE-002-TEAM
CASE-DEMO-0375,CSE-TELECOM-002,ALRT-001871,CSE-TELECOM-002-A004,2026-08-07T19:46:00Z,2026-08-08T09:43:22.471880Z,closed,critical,review completed,CSE-TELECOM-002-TEAM
CASE-DEMO-0376,CSE-POWER-002,ALRT-001876,CSE-POWER-002-A009,2026-07-07T05:18:00Z,2026-07-07T23:03:34.254133Z,closed,high,review completed,CSE-POWER-002-TEAM
CASE-DEMO-0377,CSE-FINANCE-001,ALRT-001881,CSE-FINANCE-001-A008,2026-07-28T08:22:00Z,2026-07-29T14:18:14.750962Z,closed,high,review completed,CSE-FINANCE-001-TEAM
CASE-DEMO-0378,CSE-TELECOM-001,ALRT-001886,CSE-TELECOM-001-A005,2026-07-27T12:01:00Z,2026-07-28T10:06:52.982338Z,closed,high,review completed,CSE-TELECOM-001-TEAM
CASE-DEMO-0379,CSE-POWER-001,ALRT-001891,CSE-POWER-001-A007,2026-07-08T23:44:00Z,2026-07-09T17:21:00.285424Z,closed,high,review completed,CSE-POWER-001-TEAM
CASE-DEMO-0380,CSE-FINANCE-002,ALRT-001896,CSE-FINANCE-002-A002,2026-07-01T07:01:00Z,2026-07-02T01:36:55.051828Z,closed,high,review completed,CSE-FINANCE-002-TEAM
CASE-DEMO-0381,CSE-TELECOM-002,ALRT-001901,CSE-TELECOM-002-A008,2026-06-22T14:54:00Z,2026-06-23T10:37:54.717314Z,closed,high,review completed,CSE-TELECOM-002-TEAM
CASE-DEMO-0382,CSE-POWER-002,ALRT-001906,CSE-POWER-002-A005,2026-07-10T10:28:00Z,2026-07-11T12:10:27.777435Z,closed,high,review completed,CSE-POWER-002-TEAM
CASE-DEMO-0383,CSE-FINANCE-001,ALRT-001911,CSE-FINANCE-001-A010,2026-06-18T03:25:00Z,2026-06-19T03:07:06.785743Z,closed,high,review completed,CSE-FINANCE-001-TEAM
CASE-DEMO-0384,CSE-TELECOM-001,ALRT-001916,CSE-TELECOM-001-A009,2026-08-10T17:25:00Z,2026-08-10T21:35:29.602997Z,closed,high,review completed,CSE-TELECOM-001-TEAM
CASE-DEMO-0385,CSE-POWER-001,ALRT-001921,CSE-POWER-001-A007,2026-07-25T06:40:00Z,2026-07-25T20:03:08.344951Z,closed,high,review completed,CSE-POWER-001-TEAM
CASE-DEMO-0386,CSE-FINANCE-002,ALRT-001926,CSE-FINANCE-002-A006,2026-06-05T23:38:00Z,2026-06-06T09:44:36.930133Z,closed,high,review completed,CSE-FINANCE-002-TEAM
CASE-DEMO-0387,CSE-TELECOM-002,ALRT-001931,CSE-TELECOM-002-A004,2026-08-15T14:29:00Z,2026-08-16T07:51:14.340397Z,closed,high,review completed,CSE-TELECOM-002-TEAM
CASE-DEMO-0388,CSE-POWER-002,ALRT-001936,CSE-POWER-002-A009,2026-08-02T12:04:00Z,2026-08-03T06:34:10.530628Z,closed,high,review completed,CSE-POWER-002-TEAM
CASE-DEMO-0389,CSE-FINANCE-001,ALRT-001941,CSE-FINANCE-001-A008,2026-07-27T03:06:00Z,2026-07-28T03:02:29.882641Z,closed,high,review completed,CSE-FINANCE-001-TEAM
CASE-DEMO-0390,CSE-TELECOM-001,ALRT-001946,CSE-TELECOM-001-A008,2026-07-04T08:21:00Z,2026-07-04T22:48:25.321626Z,closed,high,review completed,CSE-TELECOM-001-TEAM
CASE-DEMO-0391,CSE-POWER-001,ALRT-001951,CSE-POWER-001-A005,2026-06-23T18:40:00Z,2026-06-24T21:48:41.339667Z,closed,high,review completed,CSE-POWER-001-TEAM
CASE-DEMO-0392,CSE-FINANCE-002,ALRT-001956,CSE-FINANCE-002-A005,2026-07-19T23:32:00Z,2026-07-21T03:50:52.284145Z,closed,critical,review completed,CSE-FINANCE-002-TEAM
CASE-DEMO-0393,CSE-TELECOM-002,ALRT-001961,CSE-TELECOM-002-A007,2026-06-04T21:04:00Z,2026-06-05T15:33:33.256634Z,closed,high,review completed,CSE-TELECOM-002-TEAM
CASE-DEMO-0394,CSE-POWER-002,ALRT-001966,CSE-POWER-002-A006,2026-08-27T01:25:00Z,2026-08-28T05:09:06.771161Z,closed,high,review completed,CSE-POWER-002-TEAM
CASE-DEMO-0395,CSE-FINANCE-001,ALRT-001971,CSE-FINANCE-001-A004,2026-08-30T22:29:00Z,2026-08-31T22:39:20.414395Z,closed,high,review completed,CSE-FINANCE-001-TEAM
CASE-DEMO-0396,CSE-TELECOM-001,ALRT-001976,CSE-TELECOM-001-A008,2026-08-01T03:34:00Z,2026-08-01T18:23:05.378660Z,closed,high,review completed,CSE-TELECOM-001-TEAM
CASE-DEMO-0397,CSE-POWER-001,ALRT-001981,CSE-POWER-001-A002,2026-07-29T20:12:00Z,2026-07-31T01:02:39.111322Z,closed,high,review completed,CSE-POWER-001-TEAM
CASE-DEMO-0398,CSE-FINANCE-002,ALRT-001986,CSE-FINANCE-002-A009,2026-08-06T09:40:00Z,2026-08-07T12:07:53.621717Z,closed,high,review completed,CSE-FINANCE-002-TEAM
CASE-DEMO-0399,CSE-TELECOM-002,ALRT-001991,CSE-TELECOM-002-A003,2026-06-27T03:48:00Z,2026-06-27T22:58:21.882798Z,closed,high,review completed,CSE-TELECOM-002-TEAM
CASE-DEMO-0400,CSE-POWER-002,ALRT-001996,CSE-POWER-002-A003,2026-06-23T19:42:00Z,2026-06-24T10:30:11.986100Z,closed,high,review completed,CSE-POWER-002-TEAM
CASE-DEMO-0401,CSE-FINANCE-001,ALRT-002001,CSE-FINANCE-001-A007,2026-07-26T00:48:00Z,2026-07-27T00:24:41.543579Z,closed,high,review completed,CSE-FINANCE-001-TEAM
CASE-DEMO-0402,CSE-TELECOM-001,ALRT-002006,CSE-TELECOM-001-A006,2026-08-13T17:47:00Z,2026-08-14T11:47:42.434625Z,closed,high,review completed,CSE-TELECOM-001-TEAM
CASE-DEMO-0403,CSE-POWER-001,ALRT-002011,CSE-POWER-001-A001,2026-06-15T01:40:00Z,2026-06-15T12:56:04.764505Z,closed,high,review completed,CSE-POWER-001-TEAM
CASE-DEMO-0404,CSE-FINANCE-002,ALRT-002016,CSE-FINANCE-002-A002,2026-07-29T07:20:00Z,2026-07-30T09:45:38.675175Z,closed,high,review completed,CSE-FINANCE-002-TEAM
CASE-DEMO-0405,CSE-TELECOM-002,ALRT-002021,CSE-TELECOM-002-A006,2026-07-15T06:43:00Z,2026-07-15T14:18:37.304220Z,closed,high,review completed,CSE-TELECOM-002-TEAM
CASE-DEMO-0406,CSE-POWER-002,ALRT-002026,CSE-POWER-002-A007,2026-06-07T16:55:00Z,2026-06-08T15:16:31.114536Z,closed,high,review completed,CSE-POWER-002-TEAM
CASE-DEMO-0407,CSE-FINANCE-001,ALRT-002031,CSE-FINANCE-001-A002,2026-08-29T13:52:00Z,2026-08-30T07:07:55.502811Z,closed,high,review completed,CSE-FINANCE-001-TEAM
CASE-DEMO-0408,CSE-TELECOM-001,ALRT-002036,CSE-TELECOM-001-A010,2026-07-22T00:00:00Z,2026-07-23T05:33:43.207835Z,closed,high,review completed,CSE-TELECOM-001-TEAM
CASE-DEMO-0409,CSE-POWER-001,ALRT-002041,CSE-POWER-001-A003,2026-06-15T00:34:00Z,2026-06-16T03:47:20.802346Z,closed,critical,review completed,CSE-POWER-001-TEAM
CASE-DEMO-0410,CSE-FINANCE-002,ALRT-002046,CSE-FINANCE-002-A002,2026-07-21T00:28:00Z,2026-07-21T11:44:11.847208Z,closed,high,review completed,CSE-FINANCE-002-TEAM
CASE-DEMO-0411,CSE-TELECOM-002,ALRT-002051,CSE-TELECOM-002-A002,2026-08-04T23:38:00Z,2026-08-05T20:04:11.336715Z,closed,high,review completed,CSE-TELECOM-002-TEAM
CASE-DEMO-0412,CSE-POWER-002,ALRT-002056,CSE-POWER-002-A005,2026-06-11T13:54:00Z,2026-06-12T12:57:18.298215Z,closed,high,review completed,CSE-POWER-002-TEAM
CASE-DEMO-0413,CSE-FINANCE-001,ALRT-002061,CSE-FINANCE-001-A008,2026-06-07T01:38:00Z,2026-06-07T16:36:15.888691Z,closed,high,review completed,CSE-FINANCE-001-TEAM
CASE-DEMO-0414,CSE-TELECOM-001,ALRT-002066,CSE-TELECOM-001-A007,2026-08-22T11:58:00Z,2026-08-23T01:25:23.233646Z,closed,high,review completed,CSE-TELECOM-001-TEAM
CASE-DEMO-0415,CSE-POWER-001,ALRT-002071,CSE-POWER-001-A004,2026-06-14T13:04:00Z,2026-06-15T15:36:11.889106Z,closed,high,review completed,CSE-POWER-001-TEAM
CASE-DEMO-0416,CSE-FINANCE-002,ALRT-002076,CSE-FINANCE-002-A010,2026-08-27T22:06:00Z,2026-08-28T22:34:40.088854Z,closed,high,review completed,CSE-FINANCE-002-TEAM
CASE-DEMO-0417,CSE-TELECOM-002,ALRT-002081,CSE-TELECOM-002-A006,2026-08-01T21:37:00Z,2026-08-02T23:29:51.545647Z,closed,high,review completed,CSE-TELECOM-002-TEAM
CASE-DEMO-0418,CSE-POWER-002,ALRT-002086,CSE-POWER-002-A001,2026-07-03T05:25:00Z,2026-07-03T16:54:19.853463Z,closed,high,review completed,CSE-POWER-002-TEAM
CASE-DEMO-0419,CSE-FINANCE-001,ALRT-002091,CSE-FINANCE-001-A006,2026-07-16T05:16:00Z,2026-07-16T22:19:10.116889Z,closed,high,review completed,CSE-FINANCE-001-TEAM
CASE-DEMO-0420,CSE-TELECOM-001,ALRT-002096,CSE-TELECOM-001-A002,2026-08-12T22:18:00Z,2026-08-13T10:13:05.104447Z,closed,high,review completed,CSE-TELECOM-001-TEAM
CASE-DEMO-0421,CSE-POWER-001,ALRT-002101,CSE-POWER-001-A010,2026-08-09T16:03:00Z,2026-08-10T12:01:26.204537Z,closed,high,review completed,CSE-POWER-001-TEAM
CASE-DEMO-0422,CSE-FINANCE-002,ALRT-002106,CSE-FINANCE-002-A007,2026-07-10T12:57:00Z,2026-07-10T20:02:06.367738Z,closed,high,review completed,CSE-FINANCE-002-TEAM
CASE-DEMO-0423,CSE-TELECOM-002,ALRT-002111,CSE-TELECOM-002-A003,2026-07-04T12:50:00Z,2026-07-04T18:59:26.729069Z,closed,high,review completed,CSE-TELECOM-002-TEAM
CASE-DEMO-0424,CSE-POWER-002,ALRT-002116,CSE-POWER-002-A006,2026-06-04T20:07:00Z,2026-06-05T18:08:21.670130Z,closed,high,review completed,CSE-POWER-002-TEAM
CASE-DEMO-0425,CSE-FINANCE-001,ALRT-002121,CSE-FINANCE-001-A002,2026-08-22T14:27:00Z,2026-08-23T20:04:12.138114Z,closed,high,review completed,CSE-FINANCE-001-TEAM
CASE-DEMO-0426,CSE-TELECOM-001,ALRT-002126,CSE-TELECOM-001-A005,2026-07-05T20:32:00Z,2026-07-06T01:11:37.041691Z,closed,critical,review completed,CSE-TELECOM-001-TEAM
CASE-DEMO-0427,CSE-POWER-001,ALRT-002131,CSE-POWER-001-A010,2026-08-14T12:38:00Z,2026-08-15T16:52:48.975481Z,closed,high,review completed,CSE-POWER-001-TEAM
CASE-DEMO-0428,CSE-FINANCE-002,ALRT-002136,CSE-FINANCE-002-A008,2026-08-15T16:02:00Z,2026-08-15T20:11:45.707195Z,closed,high,review completed,CSE-FINANCE-002-TEAM
CASE-DEMO-0429,CSE-TELECOM-002,ALRT-002141,CSE-TELECOM-002-A004,2026-07-08T14:50:00Z,2026-07-08T19:51:28.044721Z,closed,high,review completed,CSE-TELECOM-002-TEAM
CASE-DEMO-0430,CSE-POWER-002,ALRT-002146,CSE-POWER-002-A004,2026-07-13T09:06:00Z,2026-07-13T17:09:16.277802Z,closed,high,review completed,CSE-POWER-002-TEAM
CASE-DEMO-0431,CSE-FINANCE-001,ALRT-002151,CSE-FINANCE-001-A004,2026-08-16T09:58:00Z,2026-08-16T21:56:40.343051Z,closed,high,review completed,CSE-FINANCE-001-TEAM
CASE-DEMO-0432,CSE-TELECOM-001,ALRT-002156,CSE-TELECOM-001-A006,2026-07-23T04:58:00Z,2026-07-24T01:35:05.847565Z,closed,high,review completed,CSE-TELECOM-001-TEAM
CASE-DEMO-0433,CSE-POWER-001,ALRT-002161,CSE-POWER-001-A004,2026-07-01T14:41:00Z,2026-07-02T09:55:40.612265Z,closed,high,review completed,CSE-POWER-001-TEAM
CASE-DEMO-0434,CSE-FINANCE-002,ALRT-002166,CSE-FINANCE-002-A007,2026-07-06T22:50:00Z,2026-07-08T01:40:18.963147Z,closed,high,review completed,CSE-FINANCE-002-TEAM
CASE-DEMO-0435,CSE-TELECOM-002,ALRT-002171,CSE-TELECOM-002-A008,2026-08-10T10:06:00Z,2026-08-10T15:59:29.228618Z,closed,high,review completed,CSE-TELECOM-002-TEAM
CASE-DEMO-0436,CSE-POWER-002,ALRT-002176,CSE-POWER-002-A009,2026-08-25T01:57:00Z,2026-08-25T12:05:49.029073Z,closed,high,review completed,CSE-POWER-002-TEAM
CASE-DEMO-0437,CSE-FINANCE-001,ALRT-002181,CSE-FINANCE-001-A009,2026-08-31T21:19:00Z,2026-09-01T18:01:32.086709Z,closed,high,review completed,CSE-FINANCE-001-TEAM
CASE-DEMO-0438,CSE-TELECOM-001,ALRT-002186,CSE-TELECOM-001-A009,2026-07-25T23:10:00Z,2026-07-27T00:38:16.512624Z,closed,high,review completed,CSE-TELECOM-001-TEAM
CASE-DEMO-0439,CSE-POWER-001,ALRT-002191,CSE-POWER-001-A003,2026-07-16T05:06:00Z,2026-07-17T10:52:16.332437Z,closed,high,review completed,CSE-POWER-001-TEAM
CASE-DEMO-0440,CSE-FINANCE-002,ALRT-002196,CSE-FINANCE-002-A001,2026-08-19T01:35:00Z,2026-08-19T08:35:32.660046Z,closed,high,review completed,CSE-FINANCE-002-TEAM
CASE-DEMO-0441,CSE-TELECOM-002,ALRT-002201,CSE-TELECOM-002-A003,2026-08-10T06:22:00Z,2026-08-10T18:50:31.605886Z,closed,high,review completed,CSE-TELECOM-002-TEAM
CASE-DEMO-0442,CSE-POWER-002,ALRT-002206,CSE-POWER-002-A003,2026-08-17T16:10:00Z,2026-08-18T04:25:06.478978Z,closed,high,review completed,CSE-POWER-002-TEAM
CASE-DEMO-0443,CSE-FINANCE-001,ALRT-002211,CSE-FINANCE-001-A008,2026-06-27T12:02:00Z,2026-06-27T21:27:00.991205Z,closed,critical,review completed,CSE-FINANCE-001-TEAM
CASE-DEMO-0444,CSE-TELECOM-001,ALRT-002216,CSE-TELECOM-001-A005,2026-07-14T04:28:00Z,2026-07-14T16:53:24.209176Z,closed,high,review completed,CSE-TELECOM-001-TEAM
CASE-DEMO-0445,CSE-POWER-001,ALRT-002221,CSE-POWER-001-A009,2026-06-08T06:05:00Z,2026-06-08T22:34:37.532124Z,closed,high,review completed,CSE-POWER-001-TEAM
CASE-DEMO-0446,CSE-FINANCE-002,ALRT-002226,CSE-FINANCE-002-A009,2026-07-20T21:44:00Z,2026-07-21T15:17:59.254528Z,closed,high,review completed,CSE-FINANCE-002-TEAM
CASE-DEMO-0447,CSE-TELECOM-002,ALRT-002231,CSE-TELECOM-002-A005,2026-06-03T07:42:00Z,2026-06-04T04:10:07.910712Z,closed,high,review completed,CSE-TELECOM-002-TEAM
CASE-DEMO-0448,CSE-POWER-002,ALRT-002236,CSE-POWER-002-A007,2026-08-30T00:26:00Z,2026-08-30T15:30:03.913072Z,closed,high,review completed,CSE-POWER-002-TEAM
CASE-DEMO-0449,CSE-FINANCE-001,ALRT-002241,CSE-FINANCE-001-A008,2026-06-11T05:34:00Z,2026-06-12T04:45:31.318579Z,closed,high,review completed,CSE-FINANCE-001-TEAM
CASE-DEMO-0450,CSE-TELECOM-001,ALRT-002246,CSE-TELECOM-001-A009,2026-06-07T15:30:00Z,2026-06-08T13:13:54.726207Z,closed,high,review completed,CSE-TELECOM-001-TEAM
CASE-DEMO-0451,CSE-POWER-001,ALRT-002251,CSE-POWER-001-A009,2026-06-27T06:46:00Z,2026-06-27T18:08:53.927286Z,closed,high,review completed,CSE-POWER-001-TEAM
CASE-DEMO-0452,CSE-FINANCE-002,ALRT-002256,CSE-FINANCE-002-A006,2026-08-26T23:28:00Z,2026-08-27T10:51:36.374055Z,closed,high,review completed,CSE-FINANCE-002-TEAM
CASE-DEMO-0453,CSE-TELECOM-002,ALRT-002261,CSE-TELECOM-002-A006,2026-07-20T01:09:00Z,2026-07-20T18:39:54.123482Z,closed,high,review completed,CSE-TELECOM-002-TEAM
CASE-DEMO-0454,CSE-POWER-002,ALRT-002266,CSE-POWER-002-A010,2026-07-22T14:58:00Z,2026-07-23T11:00:22.641966Z,closed,high,review completed,CSE-POWER-002-TEAM
CASE-DEMO-0455,CSE-FINANCE-001,ALRT-002271,CSE-FINANCE-001-A007,2026-07-11T04:02:00Z,2026-07-11T18:03:53.280449Z,closed,high,review completed,CSE-FINANCE-001-TEAM
CASE-DEMO-0456,CSE-TELECOM-001,ALRT-002276,CSE-TELECOM-001-A003,2026-08-09T06:15:00Z,2026-08-10T02:22:08.468242Z,closed,high,review completed,CSE-TELECOM-001-TEAM
CASE-DEMO-0457,CSE-POWER-001,ALRT-002281,CSE-POWER-001-A001,2026-06-28T06:21:00Z,2026-06-29T04:59:06.630466Z,closed,high,review completed,CSE-POWER-001-TEAM
CASE-DEMO-0458,CSE-FINANCE-002,ALRT-002286,CSE-FINANCE-002-A004,2026-06-22T13:20:00Z,2026-06-22T21:04:45.174760Z,closed,high,review completed,CSE-FINANCE-002-TEAM
CASE-DEMO-0459,CSE-TELECOM-002,ALRT-002291,CSE-TELECOM-002-A004,2026-06-22T06:19:00Z,2026-06-23T11:21:25.717874Z,closed,high,review completed,CSE-TELECOM-002-TEAM
CASE-DEMO-0460,CSE-POWER-002,ALRT-002296,CSE-POWER-002-A003,2026-08-13T17:40:00Z,2026-08-14T15:36:57.757570Z,closed,critical,review completed,CSE-POWER-002-TEAM
CASE-DEMO-0461,CSE-FINANCE-001,ALRT-002301,CSE-FINANCE-001-A010,2026-08-15T05:28:00Z,2026-08-16T09:49:10.732403Z,closed,high,review completed,CSE-FINANCE-001-TEAM
CASE-DEMO-0462,CSE-TELECOM-001,ALRT-002306,CSE-TELECOM-001-A005,2026-06-13T11:38:00Z,2026-06-14T02:37:59.570462Z,closed,high,review completed,CSE-TELECOM-001-TEAM
CASE-DEMO-0463,CSE-POWER-001,ALRT-002311,CSE-POWER-001-A005,2026-07-30T13:21:00Z,2026-07-31T16:43:14.116564Z,closed,high,review completed,CSE-POWER-001-TEAM
CASE-DEMO-0464,CSE-FINANCE-002,ALRT-002316,CSE-FINANCE-002-A007,2026-07-15T11:51:00Z,2026-07-16T12:21:34.267674Z,closed,high,review completed,CSE-FINANCE-002-TEAM
CASE-DEMO-0465,CSE-TELECOM-002,ALRT-002321,CSE-TELECOM-002-A002,2026-06-05T04:51:00Z,2026-06-06T03:33:12.169319Z,closed,high,review completed,CSE-TELECOM-002-TEAM
CASE-DEMO-0466,CSE-POWER-002,ALRT-002326,CSE-POWER-002-A006,2026-08-27T03:39:00Z,2026-08-27T15:15:33.742670Z,closed,high,review completed,CSE-POWER-002-TEAM
CASE-DEMO-0467,CSE-FINANCE-001,ALRT-002331,CSE-FINANCE-001-A004,2026-08-02T06:45:00Z,2026-08-02T21:29:42.956758Z,closed,high,review completed,CSE-FINANCE-001-TEAM
CASE-DEMO-0468,CSE-TELECOM-001,ALRT-002336,CSE-TELECOM-001-A004,2026-06-26T10:48:00Z,2026-06-27T10:13:09.850435Z,closed,high,review completed,CSE-TELECOM-001-TEAM
CASE-DEMO-0469,CSE-POWER-001,ALRT-002341,CSE-POWER-001-A005,2026-06-23T02:03:00Z,2026-06-23T09:25:23.342047Z,closed,high,review completed,CSE-POWER-001-TEAM
CASE-DEMO-0470,CSE-FINANCE-002,ALRT-002346,CSE-FINANCE-002-A006,2026-07-30T11:47:00Z,2026-07-31T13:46:42.160290Z,closed,high,review completed,CSE-FINANCE-002-TEAM
CASE-DEMO-0471,CSE-TELECOM-002,ALRT-002351,CSE-TELECOM-002-A008,2026-08-01T14:09:00Z,2026-08-02T19:45:16.341477Z,closed,high,review completed,CSE-TELECOM-002-TEAM
CASE-DEMO-0472,CSE-POWER-002,ALRT-002356,CSE-POWER-002-A001,2026-07-23T15:09:00Z,2026-07-24T13:26:44.851312Z,closed,high,review completed,CSE-POWER-002-TEAM
CASE-DEMO-0473,CSE-FINANCE-001,ALRT-002361,CSE-FINANCE-001-A006,2026-06-16T02:20:00Z,2026-06-17T06:14:00.967269Z,closed,high,review completed,CSE-FINANCE-001-TEAM
CASE-DEMO-0474,CSE-TELECOM-001,ALRT-002366,CSE-TELECOM-001-A009,2026-07-09T10:46:00Z,2026-07-09T22:15:08.681548Z,closed,high,review completed,CSE-TELECOM-001-TEAM
CASE-DEMO-0475,CSE-POWER-001,ALRT-002371,CSE-POWER-001-A006,2026-08-31T06:57:00Z,2026-09-01T11:38:32.215462Z,closed,high,review completed,CSE-POWER-001-TEAM
CASE-DEMO-0476,CSE-FINANCE-002,ALRT-002376,CSE-FINANCE-002-A010,2026-07-14T02:33:00Z,2026-07-14T08:21:33.925150Z,closed,high,review completed,CSE-FINANCE-002-TEAM
CASE-DEMO-0477,CSE-TELECOM-002,ALRT-002381,CSE-TELECOM-002-A010,2026-08-03T17:09:00Z,2026-08-04T02:49:45.856590Z,closed,critical,review completed,CSE-TELECOM-002-TEAM
CASE-DEMO-0478,CSE-POWER-002,ALRT-002386,CSE-POWER-002-A007,2026-08-31T00:19:00Z,2026-09-01T01:28:09.894114Z,closed,high,review completed,CSE-POWER-002-TEAM
CASE-DEMO-0479,CSE-FINANCE-001,ALRT-002391,CSE-FINANCE-001-A008,2026-07-08T06:45:00Z,2026-07-09T05:08:48.158501Z,closed,high,review completed,CSE-FINANCE-001-TEAM
CASE-DEMO-0480,CSE-TELECOM-001,ALRT-002396,CSE-TELECOM-001-A006,2026-07-23T05:20:00Z,2026-07-24T06:20:03.448764Z,closed,high,review completed,CSE-TELECOM-001-TEAM
CASE-DEMO-0481,CSE-POWER-001,ALRT-002401,CSE-POWER-001-A002,2026-07-19T11:21:00Z,2026-07-19T18:06:08.608313Z,closed,high,review completed,CSE-POWER-001-TEAM
CASE-DEMO-0482,CSE-FINANCE-002,ALRT-002406,CSE-FINANCE-002-A004,2026-07-03T01:41:00Z,2026-07-03T09:09:36.733582Z,closed,high,review completed,CSE-FINANCE-002-TEAM
CASE-DEMO-0483,CSE-TELECOM-002,ALRT-002411,CSE-TELECOM-002-A009,2026-07-10T15:01:00Z,2026-07-11T16:45:41.298771Z,closed,high,review completed,CSE-TELECOM-002-TEAM
CASE-DEMO-0484,CSE-POWER-002,ALRT-002416,CSE-POWER-002-A009,2026-06-03T20:47:00Z,2026-06-04T04:04:01.251222Z,closed,high,review completed,CSE-POWER-002-TEAM
CASE-DEMO-0485,CSE-FINANCE-001,ALRT-002421,CSE-FINANCE-001-A007,2026-06-29T05:07:00Z,2026-06-30T00:53:15.816654Z,closed,high,review completed,CSE-FINANCE-001-TEAM
CASE-DEMO-0486,CSE-TELECOM-001,ALRT-002426,CSE-TELECOM-001-A005,2026-06-30T16:01:00Z,2026-07-01T18:51:42.952552Z,closed,high,review completed,CSE-TELECOM-001-TEAM
CASE-DEMO-0487,CSE-POWER-001,ALRT-002431,CSE-POWER-001-A004,2026-06-12T19:06:00Z,2026-06-13T15:52:25.842495Z,closed,high,review completed,CSE-POWER-001-TEAM
CASE-DEMO-0488,CSE-FINANCE-002,ALRT-002436,CSE-FINANCE-002-A002,2026-07-08T13:41:00Z,2026-07-09T09:58:58.959719Z,closed,high,review completed,CSE-FINANCE-002-TEAM
CASE-DEMO-0489,CSE-TELECOM-002,ALRT-002441,CSE-TELECOM-002-A005,2026-07-07T00:44:00Z,2026-07-07T20:57:32.751560Z,closed,high,review completed,CSE-TELECOM-002-TEAM
CASE-DEMO-0490,CSE-POWER-002,ALRT-002446,CSE-POWER-002-A002,2026-07-08T22:18:00Z,2026-07-09T03:50:00.948363Z,closed,high,review completed,CSE-POWER-002-TEAM
CASE-DEMO-0491,CSE-FINANCE-001,ALRT-002451,CSE-FINANCE-001-A010,2026-07-20T14:52:00Z,2026-07-21T14:03:44.547649Z,closed,high,review completed,CSE-FINANCE-001-TEAM
CASE-DEMO-0492,CSE-TELECOM-001,ALRT-002456,CSE-TELECOM-001-A009,2026-07-25T11:27:00Z,2026-07-26T14:28:21.127659Z,closed,high,review completed,CSE-TELECOM-001-TEAM
CASE-DEMO-0493,CSE-POWER-001,ALRT-002461,CSE-POWER-001-A010,2026-06-20T06:52:00Z,2026-06-21T00:22:33.679757Z,closed,high,review completed,CSE-POWER-001-TEAM
CASE-DEMO-0494,CSE-FINANCE-002,ALRT-002466,CSE-FINANCE-002-A009,2026-07-23T16:42:00Z,2026-07-23T17:03:00Z,closed,critical,resolved,CSE-FINANCE-002-TEAM
CASE-DEMO-0495,CSE-TELECOM-002,ALRT-002471,CSE-TELECOM-002-A005,2026-07-03T12:19:00Z,2026-07-04T03:06:58.444813Z,closed,high,review completed,CSE-TELECOM-002-TEAM
CASE-DEMO-0496,CSE-POWER-002,ALRT-002476,CSE-POWER-002-A007,2026-06-04T22:38:00Z,2026-06-05T15:21:40.742874Z,closed,high,review completed,CSE-POWER-002-TEAM
CASE-DEMO-0497,CSE-FINANCE-001,ALRT-002481,CSE-FINANCE-001-A005,2026-08-31T15:55:00Z,2026-09-01T01:13:10.378386Z,closed,high,review completed,CSE-FINANCE-001-TEAM
CASE-DEMO-0498,CSE-TELECOM-001,ALRT-002486,CSE-TELECOM-001-A008,2026-07-21T23:21:00Z,2026-07-22T17:43:17.025030Z,closed,high,review completed,CSE-TELECOM-001-TEAM
CASE-DEMO-0499,CSE-POWER-001,ALRT-002491,CSE-POWER-001-A008,2026-07-08T22:36:00Z,2026-07-09T11:34:12.664503Z,closed,high,review completed,CSE-POWER-001-TEAM
CASE-DEMO-0500,CSE-FINANCE-002,ALRT-002496,CSE-FINANCE-002-A002,2026-08-29T04:53:00Z,2026-08-29T22:43:43.227382Z,closed,high,review completed,CSE-FINANCE-002-TEAM
CASE-DEMO-0501,CSE-TELECOM-002,ALRT-002501,CSE-TELECOM-002-A002,2026-06-15T05:08:00Z,2026-06-16T05:04:25.117568Z,closed,high,review completed,CSE-TELECOM-002-TEAM
CASE-DEMO-0502,CSE-POWER-002,ALRT-002506,CSE-POWER-002-A007,2026-06-11T02:05:00Z,2026-06-11T16:35:16.773449Z,closed,high,review completed,CSE-POWER-002-TEAM
CASE-DEMO-0503,CSE-FINANCE-001,ALRT-002511,CSE-FINANCE-001-A002,2026-08-26T05:37:00Z,2026-08-27T03:58:37.202439Z,closed,high,review completed,CSE-FINANCE-001-TEAM
CASE-DEMO-0504,CSE-TELECOM-001,ALRT-002516,CSE-TELECOM-001-A009,2026-06-04T09:56:00Z,2026-06-05T07:13:38.723899Z,closed,high,review completed,CSE-TELECOM-001-TEAM
CASE-DEMO-0505,CSE-POWER-001,ALRT-002521,CSE-POWER-001-A009,2026-06-21T02:30:00Z,2026-06-21T11:06:01.692787Z,closed,high,review completed,CSE-POWER-001-TEAM
CASE-DEMO-0506,CSE-FINANCE-002,ALRT-002526,CSE-FINANCE-002-A007,2026-07-30T19:53:00Z,2026-07-31T04:34:50.262878Z,closed,high,review completed,CSE-FINANCE-002-TEAM
CASE-DEMO-0507,CSE-TELECOM-002,ALRT-002531,CSE-TELECOM-002-A009,2026-06-13T22:57:00Z,2026-06-14T12:03:08.209268Z,closed,high,review completed,CSE-TELECOM-002-TEAM
CASE-DEMO-0508,CSE-POWER-002,ALRT-002536,CSE-POWER-002-A010,2026-08-18T21:50:00Z,2026-08-19T13:54:14.869840Z,closed,high,review completed,CSE-POWER-002-TEAM
CASE-DEMO-0509,CSE-FINANCE-001,ALRT-002541,CSE-FINANCE-001-A006,2026-07-03T18:12:00Z,2026-07-04T04:58:07.886373Z,closed,high,review completed,CSE-FINANCE-001-TEAM
CASE-DEMO-0510,CSE-TELECOM-001,ALRT-002546,CSE-TELECOM-001-A008,2026-08-16T16:11:00Z,2026-08-17T21:29:20.508091Z,closed,high,review completed,CSE-TELECOM-001-TEAM
CASE-DEMO-0511,CSE-POWER-001,ALRT-002551,CSE-POWER-001-A010,2026-06-12T08:07:00Z,2026-06-13T02:43:47.065889Z,closed,critical,review completed,CSE-POWER-001-TEAM
CASE-DEMO-0512,CSE-FINANCE-002,ALRT-002556,CSE-FINANCE-002-A010,2026-06-16T15:27:00Z,2026-06-17T02:21:22.997565Z,closed,high,review completed,CSE-FINANCE-002-TEAM
CASE-DEMO-0513,CSE-TELECOM-002,ALRT-002561,CSE-TELECOM-002-A004,2026-06-08T21:36:00Z,2026-06-09T05:07:38.397638Z,closed,high,review completed,CSE-TELECOM-002-TEAM
CASE-DEMO-0514,CSE-POWER-002,ALRT-002566,CSE-POWER-002-A009,2026-08-16T10:48:00Z,2026-08-16T18:49:25.061979Z,closed,high,review completed,CSE-POWER-002-TEAM
CASE-DEMO-0515,CSE-FINANCE-001,ALRT-002571,CSE-FINANCE-001-A003,2026-07-01T08:06:00Z,2026-07-02T02:57:06.081364Z,closed,high,review completed,CSE-FINANCE-001-TEAM
CASE-DEMO-0516,CSE-TELECOM-001,ALRT-002576,CSE-TELECOM-001-A010,2026-07-21T00:34:00Z,2026-07-21T05:25:00.137427Z,closed,high,review completed,CSE-TELECOM-001-TEAM
CASE-DEMO-0517,CSE-POWER-001,ALRT-002581,CSE-POWER-001-A003,2026-07-24T06:13:00Z,2026-07-24T13:55:12.924076Z,closed,high,review completed,CSE-POWER-001-TEAM
CASE-DEMO-0518,CSE-FINANCE-002,ALRT-002586,CSE-FINANCE-002-A006,2026-07-21T00:31:00Z,2026-07-21T06:51:45.908009Z,closed,high,review completed,CSE-FINANCE-002-TEAM
CASE-DEMO-0519,CSE-TELECOM-002,ALRT-002591,CSE-TELECOM-002-A001,2026-07-21T11:03:00Z,2026-07-22T12:17:00.124999Z,closed,high,review completed,CSE-TELECOM-002-TEAM
CASE-DEMO-0520,CSE-POWER-002,ALRT-002596,CSE-POWER-002-A003,2026-08-08T02:14:00Z,2026-08-09T04:27:36.690143Z,closed,high,review completed,CSE-POWER-002-TEAM
CASE-DEMO-0521,CSE-FINANCE-001,ALRT-002601,CSE-FINANCE-001-A009,2026-06-18T14:35:00Z,2026-06-19T13:52:21.965563Z,closed,high,review completed,CSE-FINANCE-001-TEAM
CASE-DEMO-0522,CSE-TELECOM-001,ALRT-002606,CSE-TELECOM-001-A008,2026-06-22T04:15:00Z,2026-06-22T18:11:33.836494Z,closed,high,review completed,CSE-TELECOM-001-TEAM
CASE-DEMO-0523,CSE-POWER-001,ALRT-002611,CSE-POWER-001-A007,2026-08-12T17:46:00Z,2026-08-13T14:51:58.647995Z,closed,high,review completed,CSE-POWER-001-TEAM
CASE-DEMO-0524,CSE-FINANCE-002,ALRT-002616,CSE-FINANCE-002-A010,2026-07-20T09:07:00Z,2026-07-20T19:23:05.925451Z,closed,high,review completed,CSE-FINANCE-002-TEAM
CASE-DEMO-0525,CSE-TELECOM-002,ALRT-002621,CSE-TELECOM-002-A007,2026-07-04T04:01:00Z,2026-07-04T10:40:30.594912Z,closed,high,review completed,CSE-TELECOM-002-TEAM
CASE-DEMO-0526,CSE-POWER-002,ALRT-002626,CSE-POWER-002-A007,2026-08-25T13:04:00Z,2026-08-25T18:26:49.828881Z,closed,high,review completed,CSE-POWER-002-TEAM
CASE-DEMO-0527,CSE-FINANCE-001,ALRT-002631,CSE-FINANCE-001-A009,2026-06-30T20:33:00Z,2026-07-01T23:08:41.241486Z,closed,high,review completed,CSE-FINANCE-001-TEAM
CASE-DEMO-0528,CSE-TELECOM-001,ALRT-002636,CSE-TELECOM-001-A010,2026-08-06T02:09:00Z,2026-08-07T00:49:31.858637Z,closed,critical,review completed,CSE-TELECOM-001-TEAM
CASE-DEMO-0529,CSE-POWER-001,ALRT-002641,CSE-POWER-001-A010,2026-06-27T13:51:00Z,2026-06-28T18:49:08.814420Z,closed,high,review completed,CSE-POWER-001-TEAM
CASE-DEMO-0530,CSE-FINANCE-002,ALRT-002646,CSE-FINANCE-002-A008,2026-07-16T19:46:00Z,2026-07-17T16:32:51.340218Z,closed,high,review completed,CSE-FINANCE-002-TEAM
CASE-DEMO-0531,CSE-TELECOM-002,ALRT-002651,CSE-TELECOM-002-A007,2026-08-03T08:21:00Z,2026-08-03T16:54:51.385794Z,closed,high,review completed,CSE-TELECOM-002-TEAM
CASE-DEMO-0532,CSE-POWER-002,ALRT-002656,CSE-POWER-002-A009,2026-07-19T13:47:00Z,2026-07-20T05:40:10.806535Z,closed,high,review completed,CSE-POWER-002-TEAM
CASE-DEMO-0533,CSE-FINANCE-001,ALRT-002661,CSE-FINANCE-001-A006,2026-06-18T09:15:00Z,2026-06-18T18:50:30.413528Z,closed,high,review completed,CSE-FINANCE-001-TEAM
CASE-DEMO-0534,CSE-TELECOM-001,ALRT-002666,CSE-TELECOM-001-A003,2026-08-11T13:31:00Z,2026-08-12T05:01:55.281735Z,closed,high,review completed,CSE-TELECOM-001-TEAM
CASE-DEMO-0535,CSE-POWER-001,ALRT-002671,CSE-POWER-001-A010,2026-06-13T01:39:00Z,2026-06-14T00:17:49.391534Z,closed,high,review completed,CSE-POWER-001-TEAM
CASE-DEMO-0536,CSE-FINANCE-002,ALRT-002676,CSE-FINANCE-002-A002,2026-08-05T19:14:00Z,2026-08-06T04:52:56.465140Z,closed,high,review completed,CSE-FINANCE-002-TEAM
CASE-DEMO-0537,CSE-TELECOM-002,ALRT-002681,CSE-TELECOM-002-A004,2026-07-03T14:09:00Z,2026-07-04T08:49:35.780982Z,closed,high,review completed,CSE-TELECOM-002-TEAM
CASE-DEMO-0538,CSE-POWER-002,ALRT-002686,CSE-POWER-002-A007,2026-06-18T20:42:00Z,2026-06-19T15:50:47.094603Z,closed,high,review completed,CSE-POWER-002-TEAM
CASE-DEMO-0539,CSE-FINANCE-001,ALRT-002691,CSE-FINANCE-001-A006,2026-07-30T04:52:00Z,2026-07-30T13:42:23.494172Z,closed,high,review completed,CSE-FINANCE-001-TEAM
CASE-DEMO-0540,CSE-TELECOM-001,ALRT-002696,CSE-TELECOM-001-A005,2026-06-28T23:11:00Z,2026-06-30T00:58:03.791083Z,closed,high,review completed,CSE-TELECOM-001-TEAM
CASE-DEMO-0541,CSE-POWER-001,ALRT-002701,CSE-POWER-001-A005,2026-08-09T12:56:00Z,2026-08-09T17:41:39.350111Z,closed,high,review completed,CSE-POWER-001-TEAM
CASE-DEMO-0542,CSE-FINANCE-002,ALRT-002706,CSE-FINANCE-002-A008,2026-07-26T14:58:00Z,2026-07-26T23:41:35.474541Z,closed,high,review completed,CSE-FINANCE-002-TEAM
CASE-DEMO-0543,CSE-TELECOM-002,ALRT-002711,CSE-TELECOM-002-A004,2026-07-30T07:25:00Z,2026-07-30T15:27:05.938377Z,closed,high,review completed,CSE-TELECOM-002-TEAM
CASE-DEMO-0544,CSE-POWER-002,ALRT-002716,CSE-POWER-002-A005,2026-06-17T07:59:00Z,2026-06-18T12:49:06.046184Z,closed,high,review completed,CSE-POWER-002-TEAM
CASE-DEMO-0545,CSE-FINANCE-001,ALRT-002721,CSE-FINANCE-001-A007,2026-06-23T13:13:00Z,2026-06-24T16:52:02.447322Z,closed,critical,review completed,CSE-FINANCE-001-TEAM
CASE-DEMO-0546,CSE-TELECOM-001,ALRT-002726,CSE-TELECOM-001-A009,2026-08-10T14:32:00Z,2026-08-11T00:05:59.619253Z,closed,high,review completed,CSE-TELECOM-001-TEAM
CASE-DEMO-0547,CSE-POWER-001,ALRT-002731,CSE-POWER-001-A006,2026-06-23T16:52:00Z,2026-06-24T07:34:37.609809Z,closed,high,review completed,CSE-POWER-001-TEAM
CASE-DEMO-0548,CSE-FINANCE-002,ALRT-002736,CSE-FINANCE-002-A008,2026-08-13T14:24:00Z,2026-08-13T22:51:03.625361Z,closed,high,review completed,CSE-FINANCE-002-TEAM
CASE-DEMO-0549,CSE-TELECOM-002,ALRT-002741,CSE-TELECOM-002-A010,2026-08-08T17:49:00Z,2026-08-09T00:26:15.820584Z,closed,high,review completed,CSE-TELECOM-002-TEAM
CASE-DEMO-0550,CSE-POWER-002,ALRT-002746,CSE-POWER-002-A003,2026-08-31T08:52:00Z,2026-08-31T23:58:16.565001Z,closed,high,review completed,CSE-POWER-002-TEAM
CASE-DEMO-0551,CSE-FINANCE-001,ALRT-002751,CSE-FINANCE-001-A003,2026-08-09T19:38:00Z,2026-08-10T08:08:02.960383Z,closed,high,review completed,CSE-FINANCE-001-TEAM
CASE-DEMO-0552,CSE-TELECOM-001,ALRT-002756,CSE-TELECOM-001-A009,2026-08-15T22:34:00Z,2026-08-17T00:46:01.994319Z,closed,high,review completed,CSE-TELECOM-001-TEAM
CASE-DEMO-0553,CSE-POWER-001,ALRT-002761,CSE-POWER-001-A001,2026-08-02T11:25:00Z,2026-08-02T17:22:33.964948Z,closed,high,review completed,CSE-POWER-001-TEAM
CASE-DEMO-0554,CSE-FINANCE-002,ALRT-002766,CSE-FINANCE-002-A003,2026-08-29T16:15:00Z,2026-08-30T04:07:59.384086Z,closed,high,review completed,CSE-FINANCE-002-TEAM
CASE-DEMO-0555,CSE-TELECOM-002,ALRT-002771,CSE-TELECOM-002-A007,2026-08-17T13:58:00Z,2026-08-18T08:20:53.566809Z,closed,high,review completed,CSE-TELECOM-002-TEAM
CASE-DEMO-0556,CSE-POWER-002,ALRT-002776,CSE-POWER-002-A010,2026-06-18T21:15:00Z,2026-06-19T04:59:26.508655Z,closed,high,review completed,CSE-POWER-002-TEAM
CASE-DEMO-0557,CSE-FINANCE-001,ALRT-002781,CSE-FINANCE-001-A006,2026-06-29T14:09:00Z,2026-06-30T17:27:51.734016Z,closed,high,review completed,CSE-FINANCE-001-TEAM
CASE-DEMO-0558,CSE-TELECOM-001,ALRT-002786,CSE-TELECOM-001-A001,2026-07-05T00:27:00Z,2026-07-05T12:54:09.595211Z,closed,high,review completed,CSE-TELECOM-001-TEAM
CASE-DEMO-0559,CSE-POWER-001,ALRT-002791,CSE-POWER-001-A002,2026-08-17T14:22:00Z,2026-08-18T03:49:21.598935Z,closed,high,review completed,CSE-POWER-001-TEAM
CASE-DEMO-0560,CSE-FINANCE-002,ALRT-002796,CSE-FINANCE-002-A003,2026-06-17T08:46:00Z,2026-06-18T13:50:04.580725Z,closed,high,review completed,CSE-FINANCE-002-TEAM
CASE-DEMO-0561,CSE-TELECOM-002,ALRT-002801,CSE-TELECOM-002-A010,2026-08-15T16:58:00Z,2026-08-16T17:29:23.318291Z,closed,high,review completed,CSE-TELECOM-002-TEAM
CASE-DEMO-0562,CSE-POWER-002,ALRT-002806,CSE-POWER-002-A005,2026-08-31T08:37:00Z,2026-09-01T10:51:53.424491Z,closed,critical,review completed,CSE-POWER-002-TEAM
CASE-DEMO-0563,CSE-FINANCE-001,ALRT-002811,CSE-FINANCE-001-A008,2026-07-02T13:35:00Z,2026-07-03T07:37:39.308820Z,closed,high,review completed,CSE-FINANCE-001-TEAM
CASE-DEMO-0564,CSE-TELECOM-001,ALRT-002816,CSE-TELECOM-001-A004,2026-06-30T11:06:00Z,2026-06-30T23:25:31.066630Z,closed,high,review completed,CSE-TELECOM-001-TEAM
CASE-DEMO-0565,CSE-POWER-001,ALRT-002821,CSE-POWER-001-A010,2026-08-10T23:40:00Z,2026-08-12T04:05:55.557579Z,closed,high,review completed,CSE-POWER-001-TEAM
CASE-DEMO-0566,CSE-FINANCE-002,ALRT-002826,CSE-FINANCE-002-A010,2026-07-08T00:27:00Z,2026-07-08T11:23:10.445471Z,closed,high,review completed,CSE-FINANCE-002-TEAM
CASE-DEMO-0567,CSE-TELECOM-002,ALRT-002831,CSE-TELECOM-002-A004,2026-06-28T04:18:00Z,2026-06-28T11:28:33.853002Z,closed,high,review completed,CSE-TELECOM-002-TEAM
CASE-DEMO-0568,CSE-POWER-002,ALRT-002836,CSE-POWER-002-A008,2026-07-21T00:10:00Z,2026-07-21T23:00:39.975485Z,closed,high,review completed,CSE-POWER-002-TEAM
CASE-DEMO-0569,CSE-FINANCE-001,ALRT-002841,CSE-FINANCE-001-A009,2026-08-17T18:21:00Z,2026-08-18T10:23:19.368899Z,closed,high,review completed,CSE-FINANCE-001-TEAM
CASE-DEMO-0570,CSE-TELECOM-001,ALRT-002846,CSE-TELECOM-001-A009,2026-08-01T02:55:00Z,2026-08-02T02:15:06.576891Z,closed,high,review completed,CSE-TELECOM-001-TEAM
CASE-DEMO-0571,CSE-POWER-001,ALRT-002851,CSE-POWER-001-A004,2026-06-19T07:58:00Z,2026-06-20T00:47:14.327050Z,closed,high,review completed,CSE-POWER-001-TEAM
CASE-DEMO-0572,CSE-FINANCE-002,ALRT-002856,CSE-FINANCE-002-A001,2026-07-27T15:54:00Z,2026-07-28T00:06:02.174076Z,closed,high,review completed,CSE-FINANCE-002-TEAM
CASE-DEMO-0573,CSE-TELECOM-002,ALRT-002861,CSE-TELECOM-002-A001,2026-06-07T00:49:00Z,2026-06-07T15:02:12.456603Z,closed,high,review completed,CSE-TELECOM-002-TEAM
CASE-DEMO-0574,CSE-POWER-002,ALRT-002866,CSE-POWER-002-A003,2026-07-18T10:24:00Z,2026-07-18T20:49:31.864406Z,closed,high,review completed,CSE-POWER-002-TEAM
CASE-DEMO-0575,CSE-FINANCE-001,ALRT-002871,CSE-FINANCE-001-A003,2026-06-25T09:32:00Z,2026-06-25T14:02:30.845158Z,closed,high,review completed,CSE-FINANCE-001-TEAM
CASE-DEMO-0576,CSE-TELECOM-001,ALRT-002876,CSE-TELECOM-001-A006,2026-08-08T08:33:00Z,2026-08-08T21:11:53.622232Z,closed,high,review completed,CSE-TELECOM-001-TEAM
CASE-DEMO-0577,CSE-POWER-001,ALRT-002881,CSE-POWER-001-A009,2026-06-08T20:30:00Z,2026-06-09T23:00:04.545019Z,closed,high,review completed,CSE-POWER-001-TEAM
CASE-DEMO-0578,CSE-FINANCE-002,ALRT-002886,CSE-FINANCE-002-A002,2026-07-23T08:53:00Z,2026-07-24T03:54:04.195537Z,closed,high,review completed,CSE-FINANCE-002-TEAM
CASE-DEMO-0579,CSE-TELECOM-002,ALRT-002891,CSE-TELECOM-002-A009,2026-08-24T02:25:00Z,2026-08-25T07:11:48.045713Z,closed,critical,review completed,CSE-TELECOM-002-TEAM
CASE-DEMO-0580,CSE-POWER-002,ALRT-002896,CSE-POWER-002-A007,2026-06-19T11:46:00Z,2026-06-20T04:43:03.787180Z,closed,high,review completed,CSE-POWER-002-TEAM
CASE-DEMO-0581,CSE-FINANCE-001,ALRT-002901,CSE-FINANCE-001-A004,2026-08-28T11:21:00Z,2026-08-29T09:57:09.947349Z,closed,high,review completed,CSE-FINANCE-001-TEAM
CASE-DEMO-0582,CSE-TELECOM-001,ALRT-002906,CSE-TELECOM-001-A006,2026-07-03T17:44:00Z,2026-07-04T00:45:42.425642Z,closed,high,review completed,CSE-TELECOM-001-TEAM
CASE-DEMO-0583,CSE-POWER-001,ALRT-002911,CSE-POWER-001-A004,2026-07-18T06:53:00Z,2026-07-19T10:06:30.250218Z,closed,high,review completed,CSE-POWER-001-TEAM
CASE-DEMO-0584,CSE-FINANCE-002,ALRT-002916,CSE-FINANCE-002-A009,2026-06-09T19:12:00Z,2026-06-10T14:53:37.654727Z,closed,high,review completed,CSE-FINANCE-002-TEAM
CASE-DEMO-0585,CSE-TELECOM-002,ALRT-002921,CSE-TELECOM-002-A008,2026-07-14T12:06:00Z,2026-07-15T14:08:47.546342Z,closed,high,review completed,CSE-TELECOM-002-TEAM
CASE-DEMO-0586,CSE-POWER-002,ALRT-002926,CSE-POWER-002-A001,2026-07-04T22:24:00Z,2026-07-05T17:32:20.077953Z,closed,high,review completed,CSE-POWER-002-TEAM
CASE-DEMO-0587,CSE-FINANCE-001,ALRT-002931,CSE-FINANCE-001-A002,2026-07-12T19:04:00Z,2026-07-12T23:08:11.604425Z,closed,high,review completed,CSE-FINANCE-001-TEAM
CASE-DEMO-0588,CSE-TELECOM-001,ALRT-002936,CSE-TELECOM-001-A003,2026-06-30T19:38:00Z,2026-07-01T14:28:49.644413Z,closed,high,review completed,CSE-TELECOM-001-TEAM
CASE-DEMO-0589,CSE-POWER-001,ALRT-002941,CSE-POWER-001-A006,2026-08-22T00:49:00Z,2026-08-22T16:15:37.263188Z,closed,high,review completed,CSE-POWER-001-TEAM
CASE-DEMO-0590,CSE-FINANCE-002,ALRT-002946,CSE-FINANCE-002-A007,2026-08-19T02:52:00Z,2026-08-19T11:04:51.583918Z,closed,high,review completed,CSE-FINANCE-002-TEAM
CASE-DEMO-0591,CSE-TELECOM-002,ALRT-002951,CSE-TELECOM-002-A002,2026-08-04T20:54:00Z,2026-08-05T09:30:31.870426Z,closed,high,review completed,CSE-TELECOM-002-TEAM
CASE-DEMO-0592,CSE-POWER-002,ALRT-002956,CSE-POWER-002-A006,2026-07-11T07:30:00Z,2026-07-12T04:50:05.041018Z,closed,high,review completed,CSE-POWER-002-TEAM
CASE-DEMO-0593,CSE-FINANCE-001,ALRT-002961,CSE-FINANCE-001-A010,2026-08-16T22:04:00Z,2026-08-17T17:33:35.845533Z,closed,high,review completed,CSE-FINANCE-001-TEAM
CASE-DEMO-0594,CSE-TELECOM-001,ALRT-002966,CSE-TELECOM-001-A009,2026-08-24T19:48:00Z,2026-08-25T19:33:12.191115Z,closed,high,review completed,CSE-TELECOM-001-TEAM
CASE-DEMO-0595,CSE-POWER-001,ALRT-002971,CSE-POWER-001-A010,2026-08-21T06:11:00Z,2026-08-22T09:51:38.101895Z,closed,high,review completed,CSE-POWER-001-TEAM
CASE-DEMO-0596,CSE-FINANCE-002,ALRT-002976,CSE-FINANCE-002-A008,2026-07-26T00:41:00Z,2026-07-26T23:22:16.368327Z,closed,critical,review completed,CSE-FINANCE-002-TEAM
CASE-DEMO-0597,CSE-TELECOM-002,ALRT-002981,CSE-TELECOM-002-A007,2026-08-26T03:09:00Z,2026-08-26T12:43:12.601399Z,closed,high,review completed,CSE-TELECOM-002-TEAM
CASE-DEMO-0598,CSE-POWER-002,ALRT-002986,CSE-POWER-002-A006,2026-07-25T20:04:00Z,2026-07-26T18:28:21.185698Z,closed,high,review completed,CSE-POWER-002-TEAM
CASE-DEMO-0599,CSE-FINANCE-001,ALRT-002991,CSE-FINANCE-001-A007,2026-08-11T04:15:00Z,2026-08-12T05:30:18.022795Z,closed,high,review completed,CSE-FINANCE-001-TEAM
CASE-DEMO-0600,CSE-TELECOM-001,ALRT-002996,CSE-TELECOM-001-A002,2026-06-10T03:53:00Z,2026-06-10T11:28:42.574339Z,closed,high,review completed,CSE-TELECOM-001-TEAM
