control_id,cse_id,asset_id,control_type,deployment_state,expected_source
CTL-CSE-POWER-001-A001,CSE-POWER-001,CSE-POWER-001-A001,event monitoring,deployed,identity-logs
CTL-CSE-POWER-001-A002,CSE-POWER-001,CSE-POWER-001-A002,event monitoring,deployed,endpoint-events
CTL-CSE-POWER-001-A003,CSE-POWER-001,CSE-POWER-001-A003,event monitoring,deployed,identity-logs
CTL-CSE-POWER-001-A004,CSE-POWER-001,CSE-POWER-001-A004,event monitoring,deployed,endpoint-events
CTL-CSE-POWER-001-A005,CSE-POWER-001,CSE-POWER-001-A005,event monitoring,deployed,identity-logs
CTL-CSE-POWER-001-A006,CSE-POWER-001,CSE-POWER-001-A006,event monitoring,deployed,endpoint-events
CTL-CSE-POWER-001-A007,CSE-POWER-001,CSE-POWER-001-A007,event monitoring,deployed,identity-logs
CTL-CSE-POWER-001-A008,CSE-POWER-001,CSE-POWER-001-A008,event monitoring,deployed,endpoint-events
CTL-CSE-POWER-001-A009,CSE-POWER-001,CSE-POWER-001-A009,event monitoring,deployed,identity-logs
CTL-CSE-POWER-001-A010,CSE-POWER-001,CSE-POWER-001-A010,event monitoring,deployed,endpoint-events
CTL-CSE-TELECOM-001-A001,CSE-TELECOM-001,CSE-TELECOM-001-A001,event monitoring,deployed,identity-logs
CTL-CSE-TELECOM-001-A002,CSE-TELECOM-001,CSE-TELECOM-001-A002,event monitoring,deployed,endpoint-events
CTL-CSE-TELECOM-001-A003,CSE-TELECOM-001,CSE-TELECOM-001-A003,event monitoring,deployed,identity-logs
CTL-CSE-TELECOM-001-A004,CSE-TELECOM-001,CSE-TELECOM-001-A004,event monitoring,deployed,endpoint-events
CTL-CSE-TELECOM-001-A005,CSE-TELECOM-001,CSE-TELECOM-001-A005,event monitoring,deployed,identity-logs
CTL-CSE-TELECOM-001-A006,CSE-TELECOM-001,CSE-TELECOM-001-A006,event monitoring,deployed,endpoint-events
CTL-CSE-TELECOM-001-A007,CSE-TELECOM-001,CSE-TELECOM-001-A007,event monitoring,deployed,identity-logs
CTL-CSE-TELECOM-001-A008,CSE-TELECOM-001,CSE-TELECOM-001-A008,event monitoring,deployed,endpoint-events
CTL-CSE-TELECOM-001-A009,CSE-TELECOM-001,CSE-TELECOM-001-A009,event monitoring,deployed,identity-logs
CTL-CSE-TELECOM-001-A010,CSE-TELECOM-001,CSE-TELECOM-001-A010,event monitoring,deployed,endpoint-events
CTL-CSE-FINANCE-001-A001,CSE-FINANCE-001,CSE-FINANCE-001-A001,event monitoring,deployed,identity-logs
CTL-CSE-FINANCE-001-A002,CSE-FINANCE-001,CSE-FINANCE-001-A002,event monitoring,deployed,endpoint-events
CTL-CSE-FINANCE-001-A003,CSE-FINANCE-001,CSE-FINANCE-001-A003,event monitoring,deployed,identity-logs
CTL-CSE-FINANCE-001-A004,CSE-FINANCE-001,CSE-FINANCE-001-A004,event monitoring,deployed,endpoint-events
CTL-CSE-FINANCE-001-A005,CSE-FINANCE-001,CSE-FINANCE-001-A005,event monitoring,deployed,identity-logs
CTL-CSE-FINANCE-001-A006,CSE-FINANCE-001,CSE-FINANCE-001-A006,event monitoring,deployed,endpoint-events
CTL-CSE-FINANCE-001-A007,CSE-FINANCE-001,CSE-FINANCE-001-A007,event monitoring,deployed,identity-logs
CTL-CSE-FINANCE-001-A008,CSE-FINANCE-001,CSE-FINANCE-001-A008,event monitoring,deployed,endpoint-events
CTL-CSE-FINANCE-001-A009,CSE-FINANCE-001,CSE-FINANCE-001-A009,event monitoring,deployed,identity-logs
CTL-CSE-FINANCE-001-A010,CSE-FINANCE-001,CSE-FINANCE-001-A010,event monitoring,deployed,endpoint-events
CTL-CSE-POWER-002-A001,CSE-POWER-002,CSE-POWER-002-A001,event monitoring,deployed,identity-logs
CTL-CSE-POWER-002-A002,CSE-POWER-002,CSE-POWER-002-A002,event monitoring,deployed,endpoint-events
CTL-CSE-POWER-002-A003,CSE-POWER-002,CSE-POWER-002-A003,event monitoring,deployed,identity-logs
CTL-CSE-POWER-002-A004,CSE-POWER-002,CSE-POWER-002-A004,event monitoring,deployed,endpoint-events
CTL-CSE-POWER-002-A005,CSE-POWER-002,CSE-POWER-002-A005,event monitoring,deployed,identity-logs
CTL-CSE-POWER-002-A006,CSE-POWER-002,CSE-POWER-002-A006,event monitoring,deployed,endpoint-events
CTL-CSE-POWER-002-A007,CSE-POWER-002,CSE-POWER-002-A007,event monitoring,deployed,identity-logs
CTL-CSE-POWER-002-A008,CSE-POWER-002,CSE-POWER-002-A008,event monitoring,deployed,endpoint-events
CTL-CSE-POWER-002-A009,CSE-POWER-002,CSE-POWER-002-A009,event monitoring,deployed,identity-logs
CTL-CSE-POWER-002-A010,CSE-POWER-002,CSE-POWER-002-A010,event monitoring,deployed,endpoint-events
CTL-CSE-TELECOM-002-A001,CSE-TELECOM-002,CSE-TELECOM-002-A001,event monitoring,deployed,identity-logs
CTL-CSE-TELECOM-002-A002,CSE-TELECOM-002,CSE-TELECOM-002-A002,event monitoring,deployed,endpoint-events
CTL-CSE-TELECOM-002-A003,CSE-TELECOM-002,CSE-TELECOM-002-A003,event monitoring,deployed,identity-logs
CTL-CSE-TELECOM-002-A004,CSE-TELECOM-002,CSE-TELECOM-002-A004,event monitoring,deployed,endpoint-events
CTL-CSE-TELECOM-002-A005,CSE-TELECOM-002,CSE-TELECOM-002-A005,event monitoring,deployed,identity-logs
CTL-CSE-TELECOM-002-A006,CSE-TELECOM-002,CSE-TELECOM-002-A006,event monitoring,deployed,endpoint-events
CTL-CSE-TELECOM-002-A007,CSE-TELECOM-002,CSE-TELECOM-002-A007,event monitoring,deployed,identity-logs
CTL-CSE-TELECOM-002-A008,CSE-TELECOM-002,CSE-TELECOM-002-A008,event monitoring,deployed,endpoint-events
CTL-CSE-TELECOM-002-A009,CSE-TELECOM-002,CSE-TELECOM-002-A009,event monitoring,deployed,identity-logs
CTL-CSE-TELECOM-002-A010,CSE-TELECOM-002,CSE-TELECOM-002-A010,event monitoring,deployed,endpoint-events
CTL-CSE-FINANCE-002-A001,CSE-FINANCE-002,CSE-FINANCE-002-A001,event monitoring,deployed,identity-logs
CTL-CSE-FINANCE-002-A002,CSE-FINANCE-002,CSE-FINANCE-002-A002,event monitoring,deployed,endpoint-events
CTL-CSE-FINANCE-002-A003,CSE-FINANCE-002,CSE-FINANCE-002-A003,event monitoring,deployed,identity-logs
CTL-CSE-FINANCE-002-A004,CSE-FINANCE-002,CSE-FINANCE-002-A004,event monitoring,deployed,endpoint-events
CTL-CSE-FINANCE-002-A005,CSE-FINANCE-002,CSE-FINANCE-002-A005,event monitoring,deployed,identity-logs
CTL-CSE-FINANCE-002-A006,CSE-FINANCE-002,CSE-FINANCE-002-A006,event monitoring,deployed,endpoint-events
CTL-CSE-FINANCE-002-A007,CSE-FINANCE-002,CSE-FINANCE-002-A007,event monitoring,deployed,identity-logs
CTL-CSE-FINANCE-002-A008,CSE-FINANCE-002,CSE-FINANCE-002-A008,event monitoring,deployed,endpoint-events
CTL-CSE-FINANCE-002-A009,CSE-FINANCE-002,CSE-FINANCE-002-A009,event monitoring,deployed,identity-logs
CTL-CSE-FINANCE-002-A010,CSE-FINANCE-002,CSE-FINANCE-002-A010,event monitoring,deployed,endpoint-events
