escalation_id,cse_id,case_id,raised_at,reviewed_at,decision
ESC-CASE-DEMO-0018,CSE-TELECOM-001,CASE-DEMO-0018,2026-07-06T17:55:00Z,2026-07-06T19:30:00Z,reviewed
ESC-CASE-DEMO-0035,CSE-FINANCE-001,CASE-DEMO-0035,2026-06-11T09:44:00Z,2026-06-11T11:19:00Z,reviewed
ESC-CASE-DEMO-0052,CSE-POWER-002,CASE-DEMO-0052,2026-08-16T10:04:00Z,2026-08-16T11:39:00Z,reviewed
ESC-CASE-DEMO-0069,CSE-TELECOM-002,CASE-DEMO-0069,2026-06-27T03:58:00Z,2026-06-27T05:33:00Z,reviewed
ESC-CASE-DEMO-0086,CSE-FINANCE-002,CASE-DEMO-0086,2026-07-22T11:25:00Z,2026-07-22T13:00:00Z,reviewed
ESC-CASE-DEMO-0103,CSE-POWER-001,CASE-DEMO-0103,2026-08-13T05:57:00Z,2026-08-13T07:32:00Z,reviewed
ESC-CASE-DEMO-0120,CSE-TELECOM-001,CASE-DEMO-0120,2026-07-10T08:40:00Z,2026-07-10T10:15:00Z,reviewed
ESC-CASE-DEMO-0137,CSE-FINANCE-001,CASE-DEMO-0137,2026-06-23T19:38:00Z,2026-06-23T21:13:00Z,reviewed
ESC-CASE-DEMO-0154,CSE-POWER-002,CASE-DEMO-0154,2026-08-20T10:36:00Z,2026-08-20T12:11:00Z,reviewed
ESC-CASE-DEMO-0171,CSE-TELECOM-002,CASE-DEMO-0171,2026-07-18T01:00:00Z,2026-07-18T02:35:00Z,reviewed
ESC-CASE-DEMO-0188,CSE-FINANCE-002,CASE-DEMO-0188,2026-06-24T01:03:00Z,2026-06-24T02:38:00Z,reviewed
ESC-CASE-DEMO-0205,CSE-POWER-001,CASE-DEMO-0205,2026-07-03T12:07:00Z,2026-07-03T13:42:00Z,reviewed
ESC-CASE-DEMO-0222,CSE-TELECOM-001,CASE-DEMO-0222,2026-07-28T12:26:00Z,2026-07-28T14:01:00Z,reviewed
ESC-CASE-DEMO-0239,CSE-FINANCE-001,CASE-DEMO-0239,2026-07-23T16:08:00Z,2026-07-23T17:43:00Z,reviewed
ESC-CASE-DEMO-0256,CSE-POWER-002,CASE-DEMO-0256,2026-06-11T07:03:00Z,2026-06-11T08:38:00Z,reviewed
ESC-CASE-DEMO-0273,CSE-TELECOM-002,CASE-DEMO-0273,2026-06-22T01:04:00Z,2026-06-22T02:39:00Z,reviewed
ESC-CASE-DEMO-0290,CSE-FINANCE-002,CASE-DEMO-0290,2026-07-08T17:03:00Z,2026-07-08T18:38:00Z,reviewed
ESC-CASE-DEMO-0307,CSE-POWER-001,CASE-DEMO-0307,2026-06-29T12:22:00Z,2026-06-29T13:57:00Z,reviewed
ESC-CASE-DEMO-0324,CSE-TELECOM-001,CASE-DEMO-0324,2026-08-01T01:47:00Z,2026-08-01T03:22:00Z,reviewed
ESC-CASE-DEMO-0341,CSE-FINANCE-001,CASE-DEMO-0341,2026-07-30T10:40:00Z,2026-07-30T12:15:00Z,reviewed
ESC-CASE-DEMO-0358,CSE-POWER-002,CASE-DEMO-0358,2026-08-20T18:21:00Z,2026-08-20T19:56:00Z,reviewed
ESC-CASE-DEMO-0375,CSE-TELECOM-002,CASE-DEMO-0375,2026-08-07T20:11:00Z,2026-08-07T21:46:00Z,reviewed
ESC-CASE-DEMO-0392,CSE-FINANCE-002,CASE-DEMO-0392,2026-07-19T23:57:00Z,2026-07-20T01:32:00Z,reviewed
ESC-CASE-DEMO-0409,CSE-POWER-001,CASE-DEMO-0409,2026-06-15T00:59:00Z,2026-06-15T02:34:00Z,reviewed
ESC-CASE-DEMO-0426,CSE-TELECOM-001,CASE-DEMO-0426,2026-07-05T20:57:00Z,2026-07-05T22:32:00Z,reviewed
ESC-CASE-DEMO-0443,CSE-FINANCE-001,CASE-DEMO-0443,2026-06-27T12:27:00Z,2026-06-27T14:02:00Z,reviewed
ESC-CASE-DEMO-0460,CSE-POWER-002,CASE-DEMO-0460,2026-08-13T18:05:00Z,2026-08-13T19:40:00Z,reviewed
ESC-CASE-DEMO-0477,CSE-TELECOM-002,CASE-DEMO-0477,2026-08-03T17:34:00Z,2026-08-03T19:09:00Z,reviewed
ESC-CASE-DEMO-0511,CSE-POWER-001,CASE-DEMO-0511,2026-06-12T08:32:00Z,2026-06-12T10:07:00Z,reviewed
ESC-CASE-DEMO-0528,CSE-TELECOM-001,CASE-DEMO-0528,2026-08-06T02:34:00Z,2026-08-06T04:09:00Z,reviewed
ESC-CASE-DEMO-0545,CSE-FINANCE-001,CASE-DEMO-0545,2026-06-23T13:38:00Z,2026-06-23T15:13:00Z,reviewed
ESC-CASE-DEMO-0562,CSE-POWER-002,CASE-DEMO-0562,2026-08-31T09:02:00Z,2026-08-31T10:37:00Z,reviewed
ESC-CASE-DEMO-0579,CSE-TELECOM-002,CASE-DEMO-0579,2026-08-24T02:50:00Z,2026-08-24T04:25:00Z,reviewed
ESC-CASE-DEMO-0596,CSE-FINANCE-002,CASE-DEMO-0596,2026-07-26T01:06:00Z,2026-07-26T02:41:00Z,reviewed
