remediation_id,cse_id,case_id,asset_id,status,completed_at,verification_ref
REM-CASE-DEMO-0007,CSE-POWER-001,CASE-DEMO-0007,CSE-POWER-001-A004,verified,2026-06-17T12:46:01.202288Z,cases.csv#CASE-DEMO-0007
REM-CASE-DEMO-0013,CSE-POWER-001,CASE-DEMO-0013,CSE-POWER-001-A001,verified,2026-08-16T05:39:38.594981Z,cases.csv#CASE-DEMO-0013
REM-CASE-DEMO-0019,CSE-POWER-001,CASE-DEMO-0019,CSE-POWER-001-A005,verified,2026-08-27T15:32:33.073703Z,cases.csv#CASE-DEMO-0019
REM-CASE-DEMO-0025,CSE-POWER-001,CASE-DEMO-0025,CSE-POWER-001-A004,verified,2026-06-12T00:41:10.075232Z,cases.csv#CASE-DEMO-0025
REM-CASE-DEMO-0031,CSE-POWER-001,CASE-DEMO-0031,CSE-POWER-001-A006,verified,2026-06-08T01:41:40.008221Z,cases.csv#CASE-DEMO-0031
REM-CASE-DEMO-0037,CSE-POWER-001,CASE-DEMO-0037,CSE-POWER-001-A001,verified,2026-07-17T14:50:52.638054Z,cases.csv#CASE-DEMO-0037
REM-CASE-DEMO-0043,CSE-POWER-001,CASE-DEMO-0043,CSE-POWER-001-A005,verified,2026-08-30T18:37:18.972066Z,cases.csv#CASE-DEMO-0043
REM-CASE-DEMO-0049,CSE-POWER-001,CASE-DEMO-0049,CSE-POWER-001-A007,verified,2026-06-23T18:43:32.488091Z,cases.csv#CASE-DEMO-0049
REM-CASE-DEMO-0055,CSE-POWER-001,CASE-DEMO-0055,CSE-POWER-001-A007,verified,2026-07-22T18:31:35.563721Z,cases.csv#CASE-DEMO-0055
REM-CASE-DEMO-0061,CSE-POWER-001,CASE-DEMO-0061,CSE-POWER-001-A005,verified,2026-06-16T13:20:15.940837Z,cases.csv#CASE-DEMO-0061
REM-CASE-DEMO-0067,CSE-POWER-001,CASE-DEMO-0067,CSE-POWER-001-A005,verified,2026-06-22T03:21:14.271015Z,cases.csv#CASE-DEMO-0067
REM-CASE-DEMO-0073,CSE-POWER-001,CASE-DEMO-0073,CSE-POWER-001-A004,verified,2026-07-11T12:08:08.744807Z,cases.csv#CASE-DEMO-0073
REM-CASE-DEMO-0079,CSE-POWER-001,CASE-DEMO-0079,CSE-POWER-001-A004,verified,2026-07-31T16:57:46.435703Z,cases.csv#CASE-DEMO-0079
REM-CASE-DEMO-0085,CSE-POWER-001,CASE-DEMO-0085,CSE-POWER-001-A004,verified,2026-07-09T00:18:07.087506Z,cases.csv#CASE-DEMO-0085
REM-CASE-DEMO-0091,CSE-POWER-001,CASE-DEMO-0091,CSE-POWER-001-A010,verified,2026-06-25T07:28:57.102800Z,cases.csv#CASE-DEMO-0091
REM-CASE-DEMO-0097,CSE-POWER-001,CASE-DEMO-0097,CSE-POWER-001-A002,verified,2026-08-01T15:14:09.975781Z,cases.csv#CASE-DEMO-0097
REM-CASE-DEMO-0103,CSE-POWER-001,CASE-DEMO-0103,CSE-POWER-001-A008,verified,2026-08-13T13:53:51.665485Z,cases.csv#CASE-DEMO-0103
REM-CASE-DEMO-0109,CSE-POWER-001,CASE-DEMO-0109,CSE-POWER-001-A010,verified,2026-08-22T14:17:31.892077Z,cases.csv#CASE-DEMO-0109
REM-CASE-DEMO-0115,CSE-POWER-001,CASE-DEMO-0115,CSE-POWER-001-A001,verified,2026-07-08T19:42:36.875075Z,cases.csv#CASE-DEMO-0115
REM-CASE-DEMO-0121,CSE-POWER-001,CASE-DEMO-0121,CSE-POWER-001-A009,verified,2026-06-11T07:52:52.218622Z,cases.csv#CASE-DEMO-0121
REM-CASE-DEMO-0127,CSE-POWER-001,CASE-DEMO-0127,CSE-POWER-001-A009,verified,2026-08-20T10:12:52.700117Z,cases.csv#CASE-DEMO-0127
REM-CASE-DEMO-0133,CSE-POWER-001,CASE-DEMO-0133,CSE-POWER-001-A004,verified,2026-06-18T03:56:30.319825Z,cases.csv#CASE-DEMO-0133
REM-CASE-DEMO-0139,CSE-POWER-001,CASE-DEMO-0139,CSE-POWER-001-A009,verified,2026-08-21T05:12:17.067246Z,cases.csv#CASE-DEMO-0139
REM-CASE-DEMO-0145,CSE-POWER-001,CASE-DEMO-0145,CSE-POWER-001-A002,verified,2026-06-10T17:01:29.068143Z,cases.csv#CASE-DEMO-0145
REM-CASE-DEMO-0151,CSE-POWER-001,CASE-DEMO-0151,CSE-POWER-001-A004,verified,2026-07-24T14:26:40.572465Z,cases.csv#CASE-DEMO-0151
REM-CASE-DEMO-0157,CSE-POWER-001,CASE-DEMO-0157,CSE-POWER-001-A007,verified,2026-07-18T13:17:54.837012Z,cases.csv#CASE-DEMO-0157
REM-CASE-DEMO-0163,CSE-POWER-001,CASE-DEMO-0163,CSE-POWER-001-A009,verified,2026-08-02T19:35:34.023583Z,cases.csv#CASE-DEMO-0163
REM-CASE-DEMO-0169,CSE-POWER-001,CASE-DEMO-0169,CSE-POWER-001-A001,verified,2026-07-04T19:54:41.030868Z,cases.csv#CASE-DEMO-0169
REM-CASE-DEMO-0175,CSE-POWER-001,CASE-DEMO-0175,CSE-POWER-001-A008,verified,2026-08-03T07:22:52.354583Z,cases.csv#CASE-DEMO-0175
REM-CASE-DEMO-0181,CSE-POWER-001,CASE-DEMO-0181,CSE-POWER-001-A010,verified,2026-08-23T21:41:42.283074Z,cases.csv#CASE-DEMO-0181
REM-CASE-DEMO-0187,CSE-POWER-001,CASE-DEMO-0187,CSE-POWER-001-A008,verified,2026-07-22T19:33:48.934435Z,cases.csv#CASE-DEMO-0187
REM-CASE-DEMO-0193,CSE-POWER-001,CASE-DEMO-0193,CSE-POWER-001-A009,verified,2026-08-18T23:59:11.849922Z,cases.csv#CASE-DEMO-0193
REM-CASE-DEMO-0199,CSE-POWER-001,CASE-DEMO-0199,CSE-POWER-001-A002,verified,2026-07-23T08:41:12.193941Z,cases.csv#CASE-DEMO-0199
REM-CASE-DEMO-0205,CSE-POWER-001,CASE-DEMO-0205,CSE-POWER-001-A006,verified,2026-07-04T11:33:10.725363Z,cases.csv#CASE-DEMO-0205
REM-CASE-DEMO-0211,CSE-POWER-001,CASE-DEMO-0211,CSE-POWER-001-A002,verified,2026-07-23T21:45:45.266849Z,cases.csv#CASE-DEMO-0211
REM-CASE-DEMO-0217,CSE-POWER-001,CASE-DEMO-0217,CSE-POWER-001-A010,verified,2026-06-27T20:30:53.580522Z,cases.csv#CASE-DEMO-0217
REM-CASE-DEMO-0223,CSE-POWER-001,CASE-DEMO-0223,CSE-POWER-001-A007,verified,2026-06-17T12:27:29.457010Z,cases.csv#CASE-DEMO-0223
REM-CASE-DEMO-0229,CSE-POWER-001,CASE-DEMO-0229,CSE-POWER-001-A006,verified,2026-07-12T11:03:52.666516Z,cases.csv#CASE-DEMO-0229
REM-CASE-DEMO-0235,CSE-POWER-001,CASE-DEMO-0235,CSE-POWER-001-A009,verified,2026-07-28T18:08:29.026684Z,cases.csv#CASE-DEMO-0235
REM-CASE-DEMO-0241,CSE-POWER-001,CASE-DEMO-0241,CSE-POWER-001-A004,verified,2026-06-30T22:52:47.412488Z,cases.csv#CASE-DEMO-0241
REM-CASE-DEMO-0247,CSE-POWER-001,CASE-DEMO-0247,CSE-POWER-001-A002,verified,2026-08-05T05:50:33.409384Z,cases.csv#CASE-DEMO-0247
REM-CASE-DEMO-0253,CSE-POWER-001,CASE-DEMO-0253,CSE-POWER-001-A009,verified,2026-08-31T23:40:28.280253Z,cases.csv#CASE-DEMO-0253
REM-CASE-DEMO-0259,CSE-POWER-001,CASE-DEMO-0259,CSE-POWER-001-A004,verified,2026-07-01T05:29:22.675431Z,cases.csv#CASE-DEMO-0259
REM-CASE-DEMO-0265,CSE-POWER-001,CASE-DEMO-0265,CSE-POWER-001-A007,verified,2026-08-04T02:48:43.664820Z,cases.csv#CASE-DEMO-0265
REM-CASE-DEMO-0271,CSE-POWER-001,CASE-DEMO-0271,CSE-POWER-001-A001,verified,2026-06-23T02:24:52.856915Z,cases.csv#CASE-DEMO-0271
REM-CASE-DEMO-0277,CSE-POWER-001,CASE-DEMO-0277,CSE-POWER-001-A001,verified,2026-07-15T09:25:45.208054Z,cases.csv#CASE-DEMO-0277
REM-CASE-DEMO-0283,CSE-POWER-001,CASE-DEMO-0283,CSE-POWER-001-A005,verified,2026-07-09T09:46:38.579615Z,cases.csv#CASE-DEMO-0283
REM-CASE-DEMO-0289,CSE-POWER-001,CASE-DEMO-0289,CSE-POWER-001-A002,verified,2026-07-19T22:11:20.431827Z,cases.csv#CASE-DEMO-0289
REM-CASE-DEMO-0295,CSE-POWER-001,CASE-DEMO-0295,CSE-POWER-001-A006,verified,2026-08-06T01:56:37.560216Z,cases.csv#CASE-DEMO-0295
REM-CASE-DEMO-0301,CSE-POWER-001,CASE-DEMO-0301,CSE-POWER-001-A008,verified,2026-06-08T00:46:46.080152Z,cases.csv#CASE-DEMO-0301
REM-CASE-DEMO-0307,CSE-POWER-001,CASE-DEMO-0307,CSE-POWER-001-A009,verified,2026-06-30T18:31:36.090343Z,cases.csv#CASE-DEMO-0307
REM-CASE-DEMO-0313,CSE-POWER-001,CASE-DEMO-0313,CSE-POWER-001-A004,verified,2026-07-11T18:10:37.780263Z,cases.csv#CASE-DEMO-0313
REM-CASE-DEMO-0319,CSE-POWER-001,CASE-DEMO-0319,CSE-POWER-001-A009,verified,2026-07-08T07:27:49.565607Z,cases.csv#CASE-DEMO-0319
REM-CASE-DEMO-0325,CSE-POWER-001,CASE-DEMO-0325,CSE-POWER-001-A003,verified,2026-08-22T23:42:20.467548Z,cases.csv#CASE-DEMO-0325
REM-CASE-DEMO-0331,CSE-POWER-001,CASE-DEMO-0331,CSE-POWER-001-A007,verified,2026-08-07T04:48:09.675466Z,cases.csv#CASE-DEMO-0331
REM-CASE-DEMO-0337,CSE-POWER-001,CASE-DEMO-0337,CSE-POWER-001-A008,verified,2026-07-29T23:01:39.205112Z,cases.csv#CASE-DEMO-0337
REM-CASE-DEMO-0343,CSE-POWER-001,CASE-DEMO-0343,CSE-POWER-001-A010,verified,2026-06-25T07:21:11.285875Z,cases.csv#CASE-DEMO-0343
REM-CASE-DEMO-0349,CSE-POWER-001,CASE-DEMO-0349,CSE-POWER-001-A004,verified,2026-06-11T06:54:05.639042Z,cases.csv#CASE-DEMO-0349
REM-CASE-DEMO-0355,CSE-POWER-001,CASE-DEMO-0355,CSE-POWER-001-A003,verified,2026-08-09T18:47:13.923729Z,cases.csv#CASE-DEMO-0355
REM-CASE-DEMO-0361,CSE-POWER-001,CASE-DEMO-0361,CSE-POWER-001-A003,verified,2026-08-19T04:09:08.029594Z,cases.csv#CASE-DEMO-0361
REM-CASE-DEMO-0367,CSE-POWER-001,CASE-DEMO-0367,CSE-POWER-001-A005,verified,2026-06-24T02:27:30.656229Z,cases.csv#CASE-DEMO-0367
REM-CASE-DEMO-0373,CSE-POWER-001,CASE-DEMO-0373,CSE-POWER-001-A007,verified,2026-08-30T21:04:04.834996Z,cases.csv#CASE-DEMO-0373
REM-CASE-DEMO-0379,CSE-POWER-001,CASE-DEMO-0379,CSE-POWER-001-A007,verified,2026-07-09T21:21:00.285424Z,cases.csv#CASE-DEMO-0379
REM-CASE-DEMO-0385,CSE-POWER-001,CASE-DEMO-0385,CSE-POWER-001-A007,verified,2026-07-26T00:03:08.344951Z,cases.csv#CASE-DEMO-0385
REM-CASE-DEMO-0391,CSE-POWER-001,CASE-DEMO-0391,CSE-POWER-001-A005,verified,2026-06-25T01:48:41.339667Z,cases.csv#CASE-DEMO-0391
REM-CASE-DEMO-0397,CSE-POWER-001,CASE-DEMO-0397,CSE-POWER-001-A002,verified,2026-07-31T05:02:39.111322Z,cases.csv#CASE-DEMO-0397
REM-CASE-DEMO-0403,CSE-POWER-001,CASE-DEMO-0403,CSE-POWER-001-A001,verified,2026-06-15T16:56:04.764505Z,cases.csv#CASE-DEMO-0403
REM-CASE-DEMO-0409,CSE-POWER-001,CASE-DEMO-0409,CSE-POWER-001-A003,verified,2026-06-16T07:47:20.802346Z,cases.csv#CASE-DEMO-0409
REM-CASE-DEMO-0415,CSE-POWER-001,CASE-DEMO-0415,CSE-POWER-001-A004,verified,2026-06-15T19:36:11.889106Z,cases.csv#CASE-DEMO-0415
REM-CASE-DEMO-0421,CSE-POWER-001,CASE-DEMO-0421,CSE-POWER-001-A010,verified,2026-08-10T16:01:26.204537Z,cases.csv#CASE-DEMO-0421
REM-CASE-DEMO-0427,CSE-POWER-001,CASE-DEMO-0427,CSE-POWER-001-A010,verified,2026-08-15T20:52:48.975481Z,cases.csv#CASE-DEMO-0427
REM-CASE-DEMO-0433,CSE-POWER-001,CASE-DEMO-0433,CSE-POWER-001-A004,verified,2026-07-02T13:55:40.612265Z,cases.csv#CASE-DEMO-0433
REM-CASE-DEMO-0439,CSE-POWER-001,CASE-DEMO-0439,CSE-POWER-001-A003,verified,2026-07-17T14:52:16.332437Z,cases.csv#CASE-DEMO-0439
REM-CASE-DEMO-0445,CSE-POWER-001,CASE-DEMO-0445,CSE-POWER-001-A009,verified,2026-06-09T02:34:37.532124Z,cases.csv#CASE-DEMO-0445
REM-CASE-DEMO-0451,CSE-POWER-001,CASE-DEMO-0451,CSE-POWER-001-A009,verified,2026-06-27T22:08:53.927286Z,cases.csv#CASE-DEMO-0451
REM-CASE-DEMO-0457,CSE-POWER-001,CASE-DEMO-0457,CSE-POWER-001-A001,verified,2026-06-29T08:59:06.630466Z,cases.csv#CASE-DEMO-0457
REM-CASE-DEMO-0463,CSE-POWER-001,CASE-DEMO-0463,CSE-POWER-001-A005,verified,2026-07-31T20:43:14.116564Z,cases.csv#CASE-DEMO-0463
REM-CASE-DEMO-0469,CSE-POWER-001,CASE-DEMO-0469,CSE-POWER-001-A005,verified,2026-06-23T13:25:23.342047Z,cases.csv#CASE-DEMO-0469
REM-CASE-DEMO-0475,CSE-POWER-001,CASE-DEMO-0475,CSE-POWER-001-A006,verified,2026-09-01T15:38:32.215462Z,cases.csv#CASE-DEMO-0475
REM-CASE-DEMO-0481,CSE-POWER-001,CASE-DEMO-0481,CSE-POWER-001-A002,verified,2026-07-19T22:06:08.608313Z,cases.csv#CASE-DEMO-0481
REM-CASE-DEMO-0487,CSE-POWER-001,CASE-DEMO-0487,CSE-POWER-001-A004,verified,2026-06-13T19:52:25.842495Z,cases.csv#CASE-DEMO-0487
REM-CASE-DEMO-0493,CSE-POWER-001,CASE-DEMO-0493,CSE-POWER-001-A010,verified,2026-06-21T04:22:33.679757Z,cases.csv#CASE-DEMO-0493
REM-CASE-DEMO-0499,CSE-POWER-001,CASE-DEMO-0499,CSE-POWER-001-A008,verified,2026-07-09T15:34:12.664503Z,cases.csv#CASE-DEMO-0499
REM-CASE-DEMO-0505,CSE-POWER-001,CASE-DEMO-0505,CSE-POWER-001-A009,verified,2026-06-21T15:06:01.692787Z,cases.csv#CASE-DEMO-0505
REM-CASE-DEMO-0511,CSE-POWER-001,CASE-DEMO-0511,CSE-POWER-001-A010,verified,2026-06-13T06:43:47.065889Z,cases.csv#CASE-DEMO-0511
REM-CASE-DEMO-0517,CSE-POWER-001,CASE-DEMO-0517,CSE-POWER-001-A003,verified,2026-07-24T17:55:12.924076Z,cases.csv#CASE-DEMO-0517
REM-CASE-DEMO-0523,CSE-POWER-001,CASE-DEMO-0523,CSE-POWER-001-A007,verified,2026-08-13T18:51:58.647995Z,cases.csv#CASE-DEMO-0523
REM-CASE-DEMO-0529,CSE-POWER-001,CASE-DEMO-0529,CSE-POWER-001-A010,verified,2026-06-28T22:49:08.814420Z,cases.csv#CASE-DEMO-0529
REM-CASE-DEMO-0535,CSE-POWER-001,CASE-DEMO-0535,CSE-POWER-001-A010,verified,2026-06-14T04:17:49.391534Z,cases.csv#CASE-DEMO-0535
REM-CASE-DEMO-0541,CSE-POWER-001,CASE-DEMO-0541,CSE-POWER-001-A005,verified,2026-08-09T21:41:39.350111Z,cases.csv#CASE-DEMO-0541
REM-CASE-DEMO-0547,CSE-POWER-001,CASE-DEMO-0547,CSE-POWER-001-A006,verified,2026-06-24T11:34:37.609809Z,cases.csv#CASE-DEMO-0547
REM-CASE-DEMO-0553,CSE-POWER-001,CASE-DEMO-0553,CSE-POWER-001-A001,verified,2026-08-02T21:22:33.964948Z,cases.csv#CASE-DEMO-0553
REM-CASE-DEMO-0559,CSE-POWER-001,CASE-DEMO-0559,CSE-POWER-001-A002,verified,2026-08-18T07:49:21.598935Z,cases.csv#CASE-DEMO-0559
REM-CASE-DEMO-0565,CSE-POWER-001,CASE-DEMO-0565,CSE-POWER-001-A010,verified,2026-08-12T08:05:55.557579Z,cases.csv#CASE-DEMO-0565
REM-CASE-DEMO-0571,CSE-POWER-001,CASE-DEMO-0571,CSE-POWER-001-A004,verified,2026-06-20T04:47:14.327050Z,cases.csv#CASE-DEMO-0571
REM-CASE-DEMO-0577,CSE-POWER-001,CASE-DEMO-0577,CSE-POWER-001-A009,verified,2026-06-10T03:00:04.545019Z,cases.csv#CASE-DEMO-0577
REM-CASE-DEMO-0583,CSE-POWER-001,CASE-DEMO-0583,CSE-POWER-001-A004,verified,2026-07-19T14:06:30.250218Z,cases.csv#CASE-DEMO-0583
REM-CASE-DEMO-0589,CSE-POWER-001,CASE-DEMO-0589,CSE-POWER-001-A006,verified,2026-08-22T20:15:37.263188Z,cases.csv#CASE-DEMO-0589
REM-CASE-DEMO-0595,CSE-POWER-001,CASE-DEMO-0595,CSE-POWER-001-A010,verified,2026-08-22T13:51:38.101895Z,cases.csv#CASE-DEMO-0595
