source_user_id,cse_id,pseudonym,user_kind,role,team_id
CSE-POWER-001-USR-01,CSE-POWER-001,Analyst 01,analyst,SOC analyst,CSE-POWER-001-TEAM
CSE-POWER-001-USR-02,CSE-POWER-001,Analyst 02,analyst,SOC analyst,CSE-POWER-001-TEAM
CSE-POWER-001-USR-03,CSE-POWER-001,Analyst 03,analyst,SOC analyst,CSE-POWER-001-TEAM
CSE-POWER-001-USR-04,CSE-POWER-001,Analyst 04,analyst,SOC analyst,CSE-POWER-001-TEAM
CSE-POWER-001-USR-05,CSE-POWER-001,Analyst 05,analyst,SOC analyst,CSE-POWER-001-TEAM
CSE-TELECOM-001-USR-01,CSE-TELECOM-001,Analyst 01,analyst,SOC analyst,CSE-TELECOM-001-TEAM
CSE-TELECOM-001-USR-02,CSE-TELECOM-001,Analyst 02,analyst,SOC analyst,CSE-TELECOM-001-TEAM
CSE-TELECOM-001-USR-03,CSE-TELECOM-001,Analyst 03,analyst,SOC analyst,CSE-TELECOM-001-TEAM
CSE-TELECOM-001-USR-04,CSE-TELECOM-001,Analyst 04,analyst,SOC analyst,CSE-TELECOM-001-TEAM
CSE-TELECOM-001-USR-05,CSE-TELECOM-001,Analyst 05,analyst,SOC analyst,CSE-TELECOM-001-TEAM
CSE-FINANCE-001-USR-01,CSE-FINANCE-001,Analyst 01,analyst,SOC analyst,CSE-FINANCE-001-TEAM
CSE-FINANCE-001-USR-02,CSE-FINANCE-001,Analyst 02,analyst,SOC analyst,CSE-FINANCE-001-TEAM
CSE-FINANCE-001-USR-03,CSE-FINANCE-001,Analyst 03,analyst,SOC analyst,CSE-FINANCE-001-TEAM
CSE-FINANCE-001-USR-04,CSE-FINANCE-001,Analyst 04,analyst,SOC analyst,CSE-FINANCE-001-TEAM
CSE-FINANCE-001-USR-05,CSE-FINANCE-001,Analyst 05,analyst,SOC analyst,CSE-FINANCE-001-TEAM
CSE-POWER-002-USR-01,CSE-POWER-002,Analyst 01,analyst,SOC analyst,CSE-POWER-002-TEAM
CSE-POWER-002-USR-02,CSE-POWER-002,Analyst 02,analyst,SOC analyst,CSE-POWER-002-TEAM
CSE-POWER-002-USR-03,CSE-POWER-002,Analyst 03,analyst,SOC analyst,CSE-POWER-002-TEAM
CSE-POWER-002-USR-04,CSE-POWER-002,Analyst 04,analyst,SOC analyst,CSE-POWER-002-TEAM
CSE-POWER-002-USR-05,CSE-POWER-002,Analyst 05,analyst,SOC analyst,CSE-POWER-002-TEAM
CSE-TELECOM-002-USR-01,CSE-TELECOM-002,Analyst 01,analyst,SOC analyst,CSE-TELECOM-002-TEAM
CSE-TELECOM-002-USR-02,CSE-TELECOM-002,Analyst 02,analyst,SOC analyst,CSE-TELECOM-002-TEAM
CSE-TELECOM-002-USR-03,CSE-TELECOM-002,Analyst 03,analyst,SOC analyst,CSE-TELECOM-002-TEAM
CSE-TELECOM-002-USR-04,CSE-TELECOM-002,Analyst 04,analyst,SOC analyst,CSE-TELECOM-002-TEAM
CSE-TELECOM-002-USR-05,CSE-TELECOM-002,Analyst 05,analyst,SOC analyst,CSE-TELECOM-002-TEAM
CSE-FINANCE-002-USR-01,CSE-FINANCE-002,Analyst 01,analyst,SOC analyst,CSE-FINANCE-002-TEAM
CSE-FINANCE-002-USR-02,CSE-FINANCE-002,Analyst 02,analyst,SOC analyst,CSE-FINANCE-002-TEAM
CSE-FINANCE-002-USR-03,CSE-FINANCE-002,Analyst 03,analyst,SOC analyst,CSE-FINANCE-002-TEAM
CSE-FINANCE-002-USR-04,CSE-FINANCE-002,Analyst 04,analyst,SOC analyst,CSE-FINANCE-002-TEAM
CSE-FINANCE-002-USR-05,CSE-FINANCE-002,Analyst 05,analyst,SOC analyst,CSE-FINANCE-002-TEAM
